image_path,image_name,subfolder,class_id,class_name,confidence,xmin,ymin,xmax,ymax,evaluation
/srv/shared_leopard_toad/2025/Documents/12.19.08.2025/5Z/100MEDIA/DSCF0010.JPG,DSCF0010.JPG,5Z/100MEDIA,2,Western_Leopard_Toad,0.6082,2160.1,1737.8,2899.1,2860.4,Correct
/srv/shared_leopard_toad/2025/Documents/12.19.08.2025/4R/105MEDIA/DSCF0179.JPG,DSCF0179.JPG,4R/105MEDIA,2,Western_Leopard_Toad,0.7378,2352.8,233.6,2711.1,665.8,Correct
/srv/shared_leopard_toad/2025/Documents/12.19.08.2025/4R/104MEDIA/DSCF0903.JPG,DSCF0903.JPG,4R/104MEDIA,2,Western_Leopard_Toad,0.8532,1349.8,804.8,2305.9,1629.8,Correct
/srv/shared_leopard_toad/2025/Documents/12.19.08.2025/4R/104MEDIA/DSCF0897.JPG,DSCF0897.JPG,4R/104MEDIA,2,Western_Leopard_Toad,0.3684,3954.1,2447.8,4695.0,2860.6,Correct
/srv/shared_leopard_toad/2025/Documents/12.19.08.2025/4R/108MEDIA/DSCF0718.JPG,DSCF0718.JPG,4R/108MEDIA,2,Western_Leopard_Toad,0.7724,2010.3,919.5,2934.8,2093.0,Correct
/srv/shared_leopard_toad/2025/Documents/12.19.08.2025/4R/109MEDIA/DSCF0547.JPG,DSCF0547.JPG,4R/109MEDIA,2,Western_Leopard_Toad,0.8565,2740.3,13.5,3460.0,856.0,Correct
/srv/shared_leopard_toad/2025/Documents/12.19.08.2025/5R/104MEDIA/DSCF0962.JPG,DSCF0962.JPG,5R/104MEDIA,2,Western_Leopard_Toad,0.3001,2583.1,683.3,2879.2,960.0,Correct
/srv/shared_leopard_toad/2025/Documents/12.19.08.2025/5R/104MEDIA/DSCF0961.JPG,DSCF0961.JPG,5R/104MEDIA,2,Western_Leopard_Toad,0.4243,2568.3,678.6,2879.5,960.2,Correct
/srv/shared_leopard_toad/2025/Documents/12.19.08.2025/4Z/107MEDIA/DSCF0813.JPG,DSCF0813.JPG,4Z/107MEDIA,2,Western_Leopard_Toad,0.4444,2934.7,2161.5,3498.3,2838.8,Correct
/srv/shared_leopard_toad/2025/Documents/12.19.08.2025/4Z/108MEDIA/DSCF0758.JPG,DSCF0758.JPG,4Z/108MEDIA,2,Western_Leopard_Toad,0.5527,4534.2,1974.7,4934.0,2413.8,Correct
/srv/shared_leopard_toad/2025/Documents/12.19.08.2025/4Z/108MEDIA/DSCF0724.JPG,DSCF0724.JPG,4Z/108MEDIA,2,Western_Leopard_Toad,0.8563,1201.7,980.9,2021.8,1921.6,Correct
/srv/shared_leopard_toad/2025/Documents/12.19.08.2025/4Z/106MEDIA/DSCF0538.JPG,DSCF0538.JPG,4Z/106MEDIA,2,Western_Leopard_Toad,0.5991,4087.8,1695.6,4498.6,2087.0,Correct
/srv/shared_leopard_toad/2025/Documents/12.19.08.2025/4Z/109MEDIA/DSCF0572.JPG,DSCF0572.JPG,4Z/109MEDIA,2,Western_Leopard_Toad,0.8883,3703.9,2259.8,4065.6,2676.9,Correct
/srv/shared_leopard_toad/2025/Documents/12.19.08.2025/4Z/109MEDIA/DSCF0011.JPG,DSCF0011.JPG,4Z/109MEDIA,2,Western_Leopard_Toad,0.4238,274.7,334.0,872.7,1140.9,Correct
/srv/shared_leopard_toad/2025/Documents/22.09-29.09.2025/5Z/107MEDIA/DSCF0358.JPG,DSCF0358.JPG,5Z/107MEDIA,2,Western_Leopard_Toad,0.8793,2772.1,1193.9,3232.1,1709.0,Correct
/srv/shared_leopard_toad/2025/Documents/22.09-29.09.2025/5Z/107MEDIA/DSCF0390.JPG,DSCF0390.JPG,5Z/107MEDIA,2,Western_Leopard_Toad,0.921,3321.5,2216.1,3676.9,2649.9,Correct
/srv/shared_leopard_toad/2025/Documents/22.09-29.09.2025/5Z/107MEDIA/DSCF0369.JPG,DSCF0369.JPG,5Z/107MEDIA,2,Western_Leopard_Toad,0.8831,3120.8,2318.8,3568.0,2669.3,Correct
/srv/shared_leopard_toad/2025/Documents/22.09-29.09.2025/5Z/107MEDIA/DSCF0368.JPG,DSCF0368.JPG,5Z/107MEDIA,2,Western_Leopard_Toad,0.8816,3120.9,2326.0,3566.6,2668.6,Correct
/srv/shared_leopard_toad/2025/Documents/22.09-29.09.2025/5Z/107MEDIA/DSCF0366.JPG,DSCF0366.JPG,5Z/107MEDIA,2,Western_Leopard_Toad,0.9114,2269.9,2520.0,2682.3,2841.1,Correct
/srv/shared_leopard_toad/2025/Documents/22.09-29.09.2025/5Z/107MEDIA/DSCF0385.JPG,DSCF0385.JPG,5Z/107MEDIA,2,Western_Leopard_Toad,0.8635,2392.3,778.6,2828.3,1258.3,Correct
/srv/shared_leopard_toad/2025/Documents/22.09-29.09.2025/5Z/107MEDIA/DSCF0384.JPG,DSCF0384.JPG,5Z/107MEDIA,2,Western_Leopard_Toad,0.8438,2197.4,2040.6,2560.4,2476.0,Correct
/srv/shared_leopard_toad/2025/Documents/22.09-29.09.2025/5Z/107MEDIA/DSCF0386.JPG,DSCF0386.JPG,5Z/107MEDIA,2,Western_Leopard_Toad,0.8253,2390.6,777.9,2828.8,1256.6,Correct
/srv/shared_leopard_toad/2025/Documents/22.09-29.09.2025/5Z/107MEDIA/DSCF0363.JPG,DSCF0363.JPG,5Z/107MEDIA,2,Western_Leopard_Toad,0.7029,1709.3,2273.9,2005.8,2706.7,Correct
/srv/shared_leopard_toad/2025/Documents/22.09-29.09.2025/5Z/107MEDIA/DSCF0391.JPG,DSCF0391.JPG,5Z/107MEDIA,2,Western_Leopard_Toad,0.8984,3386.7,2308.3,3720.7,2707.9,Correct
/srv/shared_leopard_toad/2025/Documents/22.09-29.09.2025/5Z/107MEDIA/DSCF0360.JPG,DSCF0360.JPG,5Z/107MEDIA,2,Western_Leopard_Toad,0.8588,2730.0,1179.5,3174.0,1668.8,Correct
/srv/shared_leopard_toad/2025/Documents/22.09-29.09.2025/5Z/107MEDIA/DSCF0365.JPG,DSCF0365.JPG,5Z/107MEDIA,2,Western_Leopard_Toad,0.6546,1725.5,2265.8,2005.2,2691.9,Correct
/srv/shared_leopard_toad/2025/Documents/22.09-29.09.2025/5Z/107MEDIA/DSCF0389.JPG,DSCF0389.JPG,5Z/107MEDIA,2,Western_Leopard_Toad,0.916,3321.6,2219.2,3673.0,2648.8,Correct
/srv/shared_leopard_toad/2025/Documents/22.09-29.09.2025/5Z/107MEDIA/DSCF0395.JPG,DSCF0395.JPG,5Z/107MEDIA,2,Western_Leopard_Toad,0.6716,2466.9,1745.9,2877.3,2126.7,Correct
/srv/shared_leopard_toad/2025/Documents/22.09-29.09.2025/5Z/107MEDIA/DSCF0364.JPG,DSCF0364.JPG,5Z/107MEDIA,2,Western_Leopard_Toad,0.6867,1726.6,2262.4,2005.8,2691.8,Correct
/srv/shared_leopard_toad/2025/Documents/22.09-29.09.2025/5Z/107MEDIA/DSCF0388.JPG,DSCF0388.JPG,5Z/107MEDIA,2,Western_Leopard_Toad,0.3959,3603.2,2727.8,3857.0,2865.3,Correct
/srv/shared_leopard_toad/2025/Documents/22.09-29.09.2025/5Z/107MEDIA/DSCF0367.JPG,DSCF0367.JPG,5Z/107MEDIA,2,Western_Leopard_Toad,0.8875,3121.1,2324.0,3562.7,2668.5,Correct
/srv/shared_leopard_toad/2025/Documents/22.09-29.09.2025/5Z/107MEDIA/DSCF0357.JPG,DSCF0357.JPG,5Z/107MEDIA,2,Western_Leopard_Toad,0.8487,2760.2,1686.9,3226.1,2097.9,Correct
/srv/shared_leopard_toad/2025/Documents/22.09-29.09.2025/5Z/107MEDIA/DSCF0392.JPG,DSCF0392.JPG,5Z/107MEDIA,2,Western_Leopard_Toad,0.84,3840.8,1931.2,4253.8,2301.7,Correct
/srv/shared_leopard_toad/2025/Documents/22.09-29.09.2025/5Z/107MEDIA/DSCF0359.JPG,DSCF0359.JPG,5Z/107MEDIA,2,Western_Leopard_Toad,0.8862,2723.9,1143.8,3142.0,1627.0,Correct
/srv/shared_leopard_toad/2025/Documents/22.09-29.09.2025/5Z/107MEDIA/DSCF0361.JPG,DSCF0361.JPG,5Z/107MEDIA,2,Western_Leopard_Toad,0.8398,2729.9,1180.0,3177.4,1664.9,Correct
/srv/shared_leopard_toad/2025/Documents/22.09-29.09.2025/5Z/100MEDIA/DSCF0947.JPG,DSCF0947.JPG,5Z/100MEDIA,2,Western_Leopard_Toad,0.4086,2699.7,2357.8,3089.3,2684.4,Correct
/srv/shared_leopard_toad/2025/Documents/22.09-29.09.2025/6R/105MEDIA/DSCF0674.JPG,DSCF0674.JPG,6R/105MEDIA,2,Western_Leopard_Toad,0.8862,1779.7,1686.8,2071.0,2024.6,Correct
/srv/shared_leopard_toad/2025/Documents/22.09-29.09.2025/6R/108MEDIA/DSCF0972.JPG,DSCF0972.JPG,6R/108MEDIA,2,Western_Leopard_Toad,0.3956,1987.1,1175.3,2423.0,1422.5,Correct
/srv/shared_leopard_toad/2025/Documents/22.09-29.09.2025/6R/108MEDIA/DSCF0972.JPG,DSCF0972.JPG,6R/108MEDIA,2,Western_Leopard_Toad,0.2878,1989.3,1172.0,2216.3,1429.6,Correct
/srv/shared_leopard_toad/2025/Documents/22.09-29.09.2025/6R/106MEDIA/DSCF0514.JPG,DSCF0514.JPG,6R/106MEDIA,2,Western_Leopard_Toad,0.2514,2049.1,2652.2,2215.7,2847.6,Correct
/srv/shared_leopard_toad/2025/Documents/22.09-29.09.2025/5R/103MEDIA/DSCF0870.JPG,DSCF0870.JPG,5R/103MEDIA,2,Western_Leopard_Toad,0.274,2436.8,2358.2,2649.1,2540.4,Correct
/srv/shared_leopard_toad/2025/Documents/22.09-29.09.2025/5R/103MEDIA/DSCF0554.JPG,DSCF0554.JPG,5R/103MEDIA,2,Western_Leopard_Toad,0.5434,3390.5,88.6,3626.7,296.5,Correct
/srv/shared_leopard_toad/2025/Documents/22.09-29.09.2025/5R/102MEDIA/DSCF0015.JPG,DSCF0015.JPG,5R/102MEDIA,2,Western_Leopard_Toad,0.551,3274.4,2437.5,3486.1,2648.9,Correct
/srv/shared_leopard_toad/2025/Documents/22.09-29.09.2025/3Z/106MEDIA/DSCF0036.JPG,DSCF0036.JPG,3Z/106MEDIA,2,Western_Leopard_Toad,0.4929,5099.0,738.0,5376.0,1141.1,Correct
/srv/shared_leopard_toad/2025/Documents/22.09-29.09.2025/3Z/106MEDIA/DSCF0284.JPG,DSCF0284.JPG,3Z/106MEDIA,2,Western_Leopard_Toad,0.8746,3704.0,1891.4,4121.9,2238.3,Correct
/srv/shared_leopard_toad/2025/Documents/09.09.15.09.2025/4R/101MEDIA/DSCF0226.JPG,DSCF0226.JPG,4R/101MEDIA,2,Western_Leopard_Toad,0.6871,1289.4,2009.9,1566.0,2375.9,Correct
/srv/shared_leopard_toad/2025/Documents/09.09.15.09.2025/6R/101MEDIA/DSCF0121.JPG,DSCF0121.JPG,6R/101MEDIA,2,Western_Leopard_Toad,0.2841,786.5,938.8,1136.8,1274.0,Correct
/srv/shared_leopard_toad/2025/Documents/06.10-13.10.2025/5Z/106MEDIA/DSCF0057.JPG,DSCF0057.JPG,5Z/106MEDIA,2,Western_Leopard_Toad,0.5403,3256.0,603.9,3644.8,975.3,Correct
/srv/shared_leopard_toad/2025/Documents/06.10-13.10.2025/5Z/100MEDIA/DSCF0409.JPG,DSCF0409.JPG,5Z/100MEDIA,2,Western_Leopard_Toad,0.8388,3248.2,2523.2,3647.7,2844.6,Correct
/srv/shared_leopard_toad/2025/Documents/06.10-13.10.2025/4R/105MEDIA/DSCF0938.JPG,DSCF0938.JPG,4R/105MEDIA,2,Western_Leopard_Toad,0.376,847.2,1125.5,1299.5,1587.4,Correct
/srv/shared_leopard_toad/2025/Documents/06.10-13.10.2025/4R/106MEDIA/DSCF0044.JPG,DSCF0044.JPG,4R/106MEDIA,2,Western_Leopard_Toad,0.2849,4709.0,1715.9,5184.1,2251.1,Correct
/srv/shared_leopard_toad/2025/Documents/06.10-13.10.2025/4R/106MEDIA/DSCF0008.JPG,DSCF0008.JPG,4R/106MEDIA,2,Western_Leopard_Toad,0.2672,1563.7,1610.8,2139.5,2378.0,Correct
/srv/shared_leopard_toad/2025/Documents/06.10-13.10.2025/6R/103MEDIA/DSCF0173.JPG,DSCF0173.JPG,6R/103MEDIA,2,Western_Leopard_Toad,0.5458,3286.5,2550.4,3579.8,2855.1,Correct
/srv/shared_leopard_toad/2025/Documents/06.10-13.10.2025/6R/103MEDIA/DSCF0430.JPG,DSCF0430.JPG,6R/103MEDIA,2,Western_Leopard_Toad,0.7447,828.6,2658.6,1130.5,2866.4,Correct
/srv/shared_leopard_toad/2025/Documents/06.10-13.10.2025/6R/103MEDIA/DSCF0431.JPG,DSCF0431.JPG,6R/103MEDIA,2,Western_Leopard_Toad,0.6962,832.4,2659.6,1129.7,2865.9,Correct
/srv/shared_leopard_toad/2025/Documents/06.10-13.10.2025/6R/103MEDIA/DSCF0174.JPG,DSCF0174.JPG,6R/103MEDIA,2,Western_Leopard_Toad,0.4409,3177.3,2584.0,3507.5,2856.2,Correct
/srv/shared_leopard_toad/2025/Documents/06.10-13.10.2025/6R/103MEDIA/DSCF0175.JPG,DSCF0175.JPG,6R/103MEDIA,2,Western_Leopard_Toad,0.3568,3057.6,2498.2,3364.6,2800.0,Correct
/srv/shared_leopard_toad/2025/Documents/06.10-13.10.2025/6R/103MEDIA/DSCF0213.JPG,DSCF0213.JPG,6R/103MEDIA,2,Western_Leopard_Toad,0.6633,3844.9,192.9,4071.3,468.7,Correct
/srv/shared_leopard_toad/2025/Documents/06.10-13.10.2025/6R/104MEDIA/DSCF0446.JPG,DSCF0446.JPG,6R/104MEDIA,2,Western_Leopard_Toad,0.6225,3066.6,2635.5,3375.5,2856.4,Correct
/srv/shared_leopard_toad/2025/Documents/06.10-13.10.2025/6R/104MEDIA/DSCF0445.JPG,DSCF0445.JPG,6R/104MEDIA,2,Western_Leopard_Toad,0.6837,3068.1,2634.1,3377.8,2856.6,Correct
/srv/shared_leopard_toad/2025/Documents/06.10-13.10.2025/6R/104MEDIA/DSCF0448.JPG,DSCF0448.JPG,6R/104MEDIA,2,Western_Leopard_Toad,0.6718,3068.0,2637.0,3397.0,2858.3,Correct
/srv/shared_leopard_toad/2025/Documents/06.10-13.10.2025/6R/104MEDIA/DSCF0449.JPG,DSCF0449.JPG,6R/104MEDIA,2,Western_Leopard_Toad,0.6474,3067.8,2635.8,3396.7,2859.1,Correct
/srv/shared_leopard_toad/2025/Documents/06.10-13.10.2025/6R/104MEDIA/DSCF0465.JPG,DSCF0465.JPG,6R/104MEDIA,2,Western_Leopard_Toad,0.7448,4375.3,2060.6,4705.7,2357.0,Correct
/srv/shared_leopard_toad/2025/Documents/06.10-13.10.2025/6R/104MEDIA/DSCF0450.JPG,DSCF0450.JPG,6R/104MEDIA,2,Western_Leopard_Toad,0.5999,3076.7,2639.7,3386.9,2859.1,Correct
/srv/shared_leopard_toad/2025/Documents/06.10-13.10.2025/6R/104MEDIA/DSCF0444.JPG,DSCF0444.JPG,6R/104MEDIA,2,Western_Leopard_Toad,0.8412,3097.6,2453.0,3413.1,2851.3,Correct
/srv/shared_leopard_toad/2025/Documents/06.10-13.10.2025/6R/104MEDIA/DSCF0447.JPG,DSCF0447.JPG,6R/104MEDIA,2,Western_Leopard_Toad,0.4844,3067.1,2636.3,3392.0,2858.6,Correct
/srv/shared_leopard_toad/2025/Documents/06.10-13.10.2025/5R/106MEDIA/DSCF0350.JPG,DSCF0350.JPG,5R/106MEDIA,2,Western_Leopard_Toad,0.8251,3297.4,1876.2,3725.1,2195.5,Correct
/srv/shared_leopard_toad/2025/Documents/06.10-13.10.2025/5R/106MEDIA/DSCF0353.JPG,DSCF0353.JPG,5R/106MEDIA,2,Western_Leopard_Toad,0.4153,4744.3,2610.0,5082.3,2852.7,Correct
/srv/shared_leopard_toad/2025/Documents/06.10-13.10.2025/5R/106MEDIA/DSCF0366.JPG,DSCF0366.JPG,5R/106MEDIA,2,Western_Leopard_Toad,0.4605,4644.3,2251.9,4896.9,2558.7,Correct
/srv/shared_leopard_toad/2025/Documents/06.10-13.10.2025/5R/106MEDIA/DSCF0044.JPG,DSCF0044.JPG,5R/106MEDIA,2,Western_Leopard_Toad,0.9033,1674.0,1053.4,2067.8,1485.1,Correct
/srv/shared_leopard_toad/2025/Documents/06.10-13.10.2025/5R/106MEDIA/DSCF0346.JPG,DSCF0346.JPG,5R/106MEDIA,2,Western_Leopard_Toad,0.8912,2955.8,1867.4,3329.8,2275.2,Correct
/srv/shared_leopard_toad/2025/Documents/06.10-13.10.2025/5R/106MEDIA/DSCF0365.JPG,DSCF0365.JPG,5R/106MEDIA,2,Western_Leopard_Toad,0.32,4646.2,2253.7,4896.5,2559.9,Correct
/srv/shared_leopard_toad/2025/Documents/06.10-13.10.2025/5R/106MEDIA/DSCF0349.JPG,DSCF0349.JPG,5R/106MEDIA,2,Western_Leopard_Toad,0.7895,3299.6,1875.2,3724.6,2197.8,Correct
/srv/shared_leopard_toad/2025/Documents/06.10-13.10.2025/5R/106MEDIA/DSCF0687.JPG,DSCF0687.JPG,5R/106MEDIA,2,Western_Leopard_Toad,0.8434,3018.8,1091.3,3403.0,1537.0,Correct
/srv/shared_leopard_toad/2025/Documents/06.10-13.10.2025/5R/106MEDIA/DSCF0352.JPG,DSCF0352.JPG,5R/106MEDIA,2,Western_Leopard_Toad,0.8797,3697.4,2240.3,4114.9,2579.3,Correct
/srv/shared_leopard_toad/2025/Documents/06.10-13.10.2025/5R/106MEDIA/DSCF0348.JPG,DSCF0348.JPG,5R/106MEDIA,2,Western_Leopard_Toad,0.8075,3299.1,1875.3,3724.2,2195.2,Correct
/srv/shared_leopard_toad/2025/Documents/06.10-13.10.2025/5R/106MEDIA/DSCF0351.JPG,DSCF0351.JPG,5R/106MEDIA,2,Western_Leopard_Toad,0.8219,3297.3,1875.5,3726.3,2198.3,Correct
/srv/shared_leopard_toad/2025/Documents/06.10-13.10.2025/5R/106MEDIA/DSCF0367.JPG,DSCF0367.JPG,5R/106MEDIA,2,Western_Leopard_Toad,0.531,4646.3,2251.2,4895.7,2559.0,Correct
/srv/shared_leopard_toad/2025/Documents/06.10-13.10.2025/5R/106MEDIA/DSCF0347.JPG,DSCF0347.JPG,5R/106MEDIA,2,Western_Leopard_Toad,0.8206,3300.4,1876.1,3724.0,2195.7,Correct
/srv/shared_leopard_toad/2025/Documents/06.10-13.10.2025/3Z/105MEDIA/DSCF0799.JPG,DSCF0799.JPG,3Z/105MEDIA,2,Western_Leopard_Toad,0.3656,2826.3,498.4,3171.7,843.2,Correct
/srv/shared_leopard_toad/2025/Documents/06.10-13.10.2025/4Z/104MEDIA/DSCF0398.JPG,DSCF0398.JPG,4Z/104MEDIA,2,Western_Leopard_Toad,0.5447,4525.0,2433.0,5158.9,2856.0,Correct
/srv/shared_leopard_toad/2025/Documents/06.10-13.10.2025/4Z/106MEDIA/DSCF0029.JPG,DSCF0029.JPG,4Z/106MEDIA,2,Western_Leopard_Toad,0.4246,992.7,2016.0,1594.5,2621.2,Correct
/srv/shared_leopard_toad/2025/Documents/06.10-13.10.2025/4Z/106MEDIA/DSCF0090.JPG,DSCF0090.JPG,4Z/106MEDIA,2,Western_Leopard_Toad,0.7799,1843.0,43.5,2592.2,617.1,Correct
/srv/shared_leopard_toad/2025/Documents/06.10-13.10.2025/4Z/109MEDIA/DSCF0273.JPG,DSCF0273.JPG,4Z/109MEDIA,2,Western_Leopard_Toad,0.782,3131.2,840.7,3692.7,1359.1,Correct
/srv/shared_leopard_toad/2025/Documents/06.10-13.10.2025/4Z/109MEDIA/DSCF0428.JPG,DSCF0428.JPG,4Z/109MEDIA,2,Western_Leopard_Toad,0.748,4628.9,954.9,5065.1,1371.2,Correct
/srv/shared_leopard_toad/2025/Documents/15.09-22.09.2025/4R/100MEDIA/DSCF0422.JPG,DSCF0422.JPG,4R/100MEDIA,2,Western_Leopard_Toad,0.5073,1585.8,1825.9,1941.2,2096.5,Correct
/srv/shared_leopard_toad/2025/Documents/15.09-22.09.2025/5R/100MEDIA/DSCF0511.JPG,DSCF0511.JPG,5R/100MEDIA,2,Western_Leopard_Toad,0.7939,3181.3,656.3,3957.1,1304.9,Correct
/srv/shared_leopard_toad/2025/Documents/15.09-22.09.2025/5R/100MEDIA/DSCF0086.JPG,DSCF0086.JPG,5R/100MEDIA,2,Western_Leopard_Toad,0.9006,2448.8,2281.3,2812.9,2701.0,Correct
/srv/shared_leopard_toad/2025/Documents/15.09-22.09.2025/5R/100MEDIA/DSCF0088.JPG,DSCF0088.JPG,5R/100MEDIA,2,Western_Leopard_Toad,0.657,2487.4,2274.2,2825.6,2695.3,Correct
/srv/shared_leopard_toad/2025/Documents/15.09-22.09.2025/5R/100MEDIA/DSCF0087.JPG,DSCF0087.JPG,5R/100MEDIA,2,Western_Leopard_Toad,0.5407,2476.6,2285.2,2827.3,2699.0,Correct
/srv/shared_leopard_toad/2025/Documents/15.09-22.09.2025/5R/100MEDIA/DSCF0138.JPG,DSCF0138.JPG,5R/100MEDIA,2,Western_Leopard_Toad,0.6851,2725.3,2573.6,3101.5,2857.9,Correct
/srv/shared_leopard_toad/2025/Documents/15.09-22.09.2025/3Z/107MEDIA/DSCF0036.JPG,DSCF0036.JPG,3Z/107MEDIA,2,Western_Leopard_Toad,0.8748,2670.6,2210.7,2995.7,2654.5,Correct
/srv/shared_leopard_toad/2025/Documents/15.09-22.09.2025/3Z/106MEDIA/DSCF0284.JPG,DSCF0284.JPG,3Z/106MEDIA,2,Western_Leopard_Toad,0.805,1998.7,1549.2,2423.9,2052.6,Correct
/srv/shared_leopard_toad/2025/Documents/15.09-22.09.2025/3Z/106MEDIA/DSCF0283.JPG,DSCF0283.JPG,3Z/106MEDIA,2,Western_Leopard_Toad,0.8166,1998.1,1550.1,2424.5,2051.2,Correct
/srv/shared_leopard_toad/2025/Documents/15.09-22.09.2025/4Z/100MEDIA/DSCF0260.JPG,DSCF0260.JPG,4Z/100MEDIA,2,Western_Leopard_Toad,0.6621,2783.2,1941.9,3098.2,2273.6,Correct
/srv/shared_leopard_toad/2025/Documents/01.09.09.09.2025/6R/100MEDIA/DSCF0397.JPG,DSCF0397.JPG,6R/100MEDIA,2,Western_Leopard_Toad,0.2623,1973.9,896.0,2274.1,1230.9,Correct
/srv/shared_leopard_toad/2025/Documents/01.09.09.09.2025/5R/107MEDIA/DSCF0899.JPG,DSCF0899.JPG,5R/107MEDIA,2,Western_Leopard_Toad,0.5741,2569.9,2500.9,2914.9,2857.8,Correct
/srv/shared_leopard_toad/2025/Documents/01.09.09.09.2025/5R/107MEDIA/DSCF0881.JPG,DSCF0881.JPG,5R/107MEDIA,2,Western_Leopard_Toad,0.6836,1978.2,2504.2,2273.7,2854.6,Correct
/srv/shared_leopard_toad/2025/Documents/01.09.09.09.2025/5R/108MEDIA/DSCF0464.JPG,DSCF0464.JPG,5R/108MEDIA,2,Western_Leopard_Toad,0.2783,830.1,1327.2,1173.6,1708.2,Correct
/srv/shared_leopard_toad/2025/Documents/01.09.09.09.2025/3Z/105MEDIA/DSCF0662.JPG,DSCF0662.JPG,3Z/105MEDIA,2,Western_Leopard_Toad,0.8341,2957.3,1780.8,3329.3,2230.4,Correct
/srv/shared_leopard_toad/2025/Documents/01.09.09.09.2025/4Z/100MEDIA/DSCF0279.JPG,DSCF0279.JPG,4Z/100MEDIA,2,Western_Leopard_Toad,0.2532,3295.6,2686.5,3510.2,2854.7,Correct
/srv/shared_leopard_toad/2025/Documents/01.09.09.09.2025/4Z/100MEDIA/DSCF0282.JPG,DSCF0282.JPG,4Z/100MEDIA,2,Western_Leopard_Toad,0.498,3291.8,2686.3,3513.1,2856.1,Correct
/srv/shared_leopard_toad/2025/Documents/01.09.09.09.2025/4Z/100MEDIA/DSCF0286.JPG,DSCF0286.JPG,4Z/100MEDIA,2,Western_Leopard_Toad,0.4414,3294.9,2686.2,3510.8,2855.2,Correct
/srv/shared_leopard_toad/2025/Documents/01.09.09.09.2025/4Z/100MEDIA/DSCF0284.JPG,DSCF0284.JPG,4Z/100MEDIA,2,Western_Leopard_Toad,0.5043,3293.8,2685.8,3512.7,2855.7,Correct
/srv/shared_leopard_toad/2025/Documents/01.09.09.09.2025/4Z/100MEDIA/DSCF0280.JPG,DSCF0280.JPG,4Z/100MEDIA,2,Western_Leopard_Toad,0.3697,3296.3,2686.6,3514.6,2855.5,Correct
/srv/shared_leopard_toad/2025/Documents/01.09.09.09.2025/4Z/100MEDIA/DSCF0278.JPG,DSCF0278.JPG,4Z/100MEDIA,2,Western_Leopard_Toad,0.3703,3294.9,2685.9,3511.9,2855.1,Correct
/srv/shared_leopard_toad/2025/Documents/01.09.09.09.2025/4Z/100MEDIA/DSCF0277.JPG,DSCF0277.JPG,4Z/100MEDIA,2,Western_Leopard_Toad,0.4188,3295.2,2686.0,3511.8,2855.6,Correct
/srv/shared_leopard_toad/2025/Documents/01.09.09.09.2025/4Z/100MEDIA/DSCF0283.JPG,DSCF0283.JPG,4Z/100MEDIA,2,Western_Leopard_Toad,0.4172,3295.4,2686.0,3512.6,2855.3,Correct
/srv/shared_leopard_toad/2025/Documents/01.09.09.09.2025/4Z/100MEDIA/DSCF0285.JPG,DSCF0285.JPG,4Z/100MEDIA,2,Western_Leopard_Toad,0.409,3295.0,2685.5,3516.9,2855.5,Correct
/srv/shared_leopard_toad/2025/Documents/01.09.09.09.2025/4Z/100MEDIA/DSCF0281.JPG,DSCF0281.JPG,4Z/100MEDIA,2,Western_Leopard_Toad,0.3803,3294.7,2686.3,3511.6,2855.3,Correct
/srv/shared_leopard_toad/2025/Documents/01.09.09.09.2025/4Z/100MEDIA/DSCF0276.JPG,DSCF0276.JPG,4Z/100MEDIA,2,Western_Leopard_Toad,0.2905,3296.3,2686.0,3512.9,2855.0,Correct
/srv/shared_leopard_toad/2025/Documents/25.08-01.09.2025/5R/101MEDIA/DSCF0813.JPG,DSCF0813.JPG,5R/101MEDIA,2,Western_Leopard_Toad,0.6156,2799.2,1659.5,3178.3,2073.6,Correct
/srv/shared_leopard_toad/2025/Documents/25.08-01.09.2025/4Z/100MEDIA/DSCF0721.JPG,DSCF0721.JPG,4Z/100MEDIA,2,Western_Leopard_Toad,0.8891,1856.5,1530.7,2282.4,2010.2,Correct
/srv/shared_leopard_toad/2025/Documents/21-28.08.2025/4R/103MEDIA/DSCF0536.JPG,DSCF0536.JPG,4R/103MEDIA,2,Western_Leopard_Toad,0.3801,2996.4,1962.0,3368.6,2236.6,Correct
/srv/shared_leopard_toad/2025/Documents/21-28.08.2025/5R/100MEDIA/DSCF0450.JPG,DSCF0450.JPG,5R/100MEDIA,2,Western_Leopard_Toad,0.7467,1898.4,2501.1,2561.3,2857.3,Correct
/srv/shared_leopard_toad/2025/Documents/21-28.08.2025/4Z/101MEDIA/DSCF0981.JPG,DSCF0981.JPG,4Z/101MEDIA,2,Western_Leopard_Toad,0.7011,4565.2,77.3,5186.7,750.3,Correct
/srv/shared_leopard_toad/2025/Documents/21-28.08.2025/4Z/101MEDIA/DSCF0944.JPG,DSCF0944.JPG,4Z/101MEDIA,2,Western_Leopard_Toad,0.8649,1687.1,1490.6,2092.6,1955.0,Correct
/srv/shared_leopard_toad/2025/Documents/29.09.06.10.2025/3Z/107MEDIA/DSCF0045.JPG,DSCF0045.JPG,3Z/107MEDIA,2,Western_Leopard_Toad,0.3075,2430.3,2382.7,2675.6,2587.2,Correct
/srv/shared_leopard_toad/2025/Documents/29.09.06.10.2025/4Z/100MEDIA/DSCF0553.JPG,DSCF0553.JPG,4Z/100MEDIA,2,Western_Leopard_Toad,0.7777,3832.1,199.6,4271.6,630.4,Correct
/srv/shared_leopard_toad/2025/Documents/29.09.06.10.2025/4Z/100MEDIA/DSCF0552.JPG,DSCF0552.JPG,4Z/100MEDIA,2,Western_Leopard_Toad,0.8185,3827.4,205.0,4269.3,631.9,Correct
/srv/shared_leopard_toad/2024/23.08.2024/5R/102MEDIA/DSCF0019.JPG,DSCF0019.JPG,5R/102MEDIA,2,Western_Leopard_Toad,0.7277,2138.9,1625.6,2649.6,2282.5,Correct
/srv/shared_leopard_toad/2024/18.11.2024/4R/114MEDIA/DSCF0416.JPG,DSCF0416.JPG,4R/114MEDIA,2,Western_Leopard_Toad,0.7647,2781.2,271.0,3333.9,972.2,Correct
/srv/shared_leopard_toad/2024/18.11.2024/4R/114MEDIA/DSCF0417.JPG,DSCF0417.JPG,4R/114MEDIA,2,Western_Leopard_Toad,0.7825,2775.6,270.9,3334.3,966.5,Correct
/srv/shared_leopard_toad/2024/18.11.2024/4R/114MEDIA/DSCF0414.JPG,DSCF0414.JPG,4R/114MEDIA,2,Western_Leopard_Toad,0.7997,2724.6,286.1,3317.0,952.0,Correct
/srv/shared_leopard_toad/2024/18.11.2024/4R/114MEDIA/DSCF0418.JPG,DSCF0418.JPG,4R/114MEDIA,2,Western_Leopard_Toad,0.8059,2779.7,269.9,3339.3,979.3,Correct
/srv/shared_leopard_toad/2024/18.11.2024/4R/114MEDIA/DSCF0415.JPG,DSCF0415.JPG,4R/114MEDIA,2,Western_Leopard_Toad,0.7949,2773.9,263.7,3335.4,960.4,Correct
/srv/shared_leopard_toad/2024/18.11.2024/6R/103MEDIA/DSCF0827.JPG,DSCF0827.JPG,6R/103MEDIA,2,Western_Leopard_Toad,0.5913,1988.8,1366.0,2322.0,1806.4,Correct
/srv/shared_leopard_toad/2024/18.11.2024/6R/103MEDIA/DSCF0822.JPG,DSCF0822.JPG,6R/103MEDIA,2,Western_Leopard_Toad,0.4736,1992.1,1361.0,2318.3,1807.1,Correct
/srv/shared_leopard_toad/2024/18.11.2024/6R/103MEDIA/DSCF0817.JPG,DSCF0817.JPG,6R/103MEDIA,2,Western_Leopard_Toad,0.4829,1990.1,1368.2,2314.8,1813.4,Correct
/srv/shared_leopard_toad/2024/18.11.2024/6R/103MEDIA/DSCF0825.JPG,DSCF0825.JPG,6R/103MEDIA,2,Western_Leopard_Toad,0.4195,1989.2,1361.4,2317.1,1807.1,Correct
/srv/shared_leopard_toad/2024/18.11.2024/6R/103MEDIA/DSCF0814.JPG,DSCF0814.JPG,6R/103MEDIA,2,Western_Leopard_Toad,0.2612,1992.8,1364.7,2317.6,1812.9,Correct
/srv/shared_leopard_toad/2024/18.11.2024/6R/103MEDIA/DSCF0815.JPG,DSCF0815.JPG,6R/103MEDIA,2,Western_Leopard_Toad,0.2566,1994.6,1368.3,2320.8,1811.3,Correct
/srv/shared_leopard_toad/2024/18.11.2024/6R/103MEDIA/DSCF0818.JPG,DSCF0818.JPG,6R/103MEDIA,2,Western_Leopard_Toad,0.2603,1990.6,1371.3,2319.1,1813.9,Correct
/srv/shared_leopard_toad/2024/18.11.2024/6R/103MEDIA/DSCF0819.JPG,DSCF0819.JPG,6R/103MEDIA,2,Western_Leopard_Toad,0.6152,1989.5,1372.5,2321.9,1809.1,Correct
/srv/shared_leopard_toad/2024/18.11.2024/6R/103MEDIA/DSCF0819.JPG,DSCF0819.JPG,6R/103MEDIA,2,Western_Leopard_Toad,0.5446,1989.3,1374.2,2463.5,1807.8,Correct
/srv/shared_leopard_toad/2024/18.11.2024/6R/105MEDIA/DSCF0191.JPG,DSCF0191.JPG,6R/105MEDIA,2,Western_Leopard_Toad,0.7463,230.9,1352.1,629.8,1777.8,Correct
/srv/shared_leopard_toad/2024/18.11.2024/6R/102MEDIA/DSCF0008.JPG,DSCF0008.JPG,6R/102MEDIA,2,Western_Leopard_Toad,0.8959,852.3,841.1,1260.7,1374.2,Correct
/srv/shared_leopard_toad/2024/18.11.2024/6R/102MEDIA/DSCF0010.JPG,DSCF0010.JPG,6R/102MEDIA,2,Western_Leopard_Toad,0.9232,518.4,2066.2,894.9,2354.0,Correct
/srv/shared_leopard_toad/2024/18.11.2024/6R/102MEDIA/DSCF0009.JPG,DSCF0009.JPG,6R/102MEDIA,2,Western_Leopard_Toad,0.9033,667.0,2036.5,1048.9,2424.7,Correct
/srv/shared_leopard_toad/2024/18.11.2024/5R/103MEDIA/DSCF0676.JPG,DSCF0676.JPG,5R/103MEDIA,2,Western_Leopard_Toad,0.7486,3563.8,1957.6,3872.8,2306.4,Correct
/srv/shared_leopard_toad/2024/18.11.2024/5R/100MEDIA/DSCF0107.JPG,DSCF0107.JPG,5R/100MEDIA,2,Western_Leopard_Toad,0.8943,3062.5,763.6,3407.0,1146.6,Correct
/srv/shared_leopard_toad/2024/18.11.2024/5R/100MEDIA/DSCF0108.JPG,DSCF0108.JPG,5R/100MEDIA,2,Western_Leopard_Toad,0.8892,3061.9,764.0,3405.0,1148.5,Correct
/srv/shared_leopard_toad/2024/18.11.2024/3Z/103MEDIA/DSCF0726.JPG,DSCF0726.JPG,3Z/103MEDIA,2,Western_Leopard_Toad,0.7654,2588.0,330.4,2900.6,694.0,Correct
/srv/shared_leopard_toad/2024/18.11.2024/3Z/103MEDIA/DSCF0313.JPG,DSCF0313.JPG,3Z/103MEDIA,2,Western_Leopard_Toad,0.8697,1614.5,354.7,1992.5,716.8,Correct
/srv/shared_leopard_toad/2024/18.11.2024/4Z/102MEDIA/DSCF0023.JPG,DSCF0023.JPG,4Z/102MEDIA,2,Western_Leopard_Toad,0.6848,3481.7,1481.4,4098.6,2051.5,Correct
/srv/shared_leopard_toad/2024/18.11.2024/4Z/102MEDIA/DSCF0022.JPG,DSCF0022.JPG,4Z/102MEDIA,2,Western_Leopard_Toad,0.7557,3479.8,1491.3,4102.0,2050.0,Correct
/srv/shared_leopard_toad/2024/18.11.2024/4Z/102MEDIA/DSCF0958.JPG,DSCF0958.JPG,4Z/102MEDIA,2,Western_Leopard_Toad,0.8411,3493.4,378.7,3987.8,999.4,Correct
/srv/shared_leopard_toad/2024/18.11.2024/4Z/102MEDIA/DSCF0028.JPG,DSCF0028.JPG,4Z/102MEDIA,2,Western_Leopard_Toad,0.6822,3354.3,1806.6,4055.6,2435.5,Correct
/srv/shared_leopard_toad/2024/18.11.2024/4Z/102MEDIA/DSCF0029.JPG,DSCF0029.JPG,4Z/102MEDIA,2,Western_Leopard_Toad,0.7318,3351.4,1801.7,4059.3,2429.2,Correct
/srv/shared_leopard_toad/2024/18.11.2024/4Z/109MEDIA/DSCF0076.JPG,DSCF0076.JPG,4Z/109MEDIA,2,Western_Leopard_Toad,0.33,922.0,0.0,1621.0,646.5,Correct
/srv/shared_leopard_toad/2024/18.11.2024/4Z/109MEDIA/DSCF0075.JPG,DSCF0075.JPG,4Z/109MEDIA,2,Western_Leopard_Toad,0.7894,2781.2,149.4,3372.7,673.8,Correct
/srv/shared_leopard_toad/2024/18.11.2024/3R/100MEDIA/DSCF0511.JPG,DSCF0511.JPG,3R/100MEDIA,2,Western_Leopard_Toad,0.6428,1498.1,2136.5,1774.1,2446.2,Correct
/srv/shared_leopard_toad/2024/02.09.2024/5Z/105MEDIA/DSCF0827.JPG,DSCF0827.JPG,5Z/105MEDIA,2,Western_Leopard_Toad,0.3427,1588.9,1678.0,2135.2,2275.1,Correct
/srv/shared_leopard_toad/2024/02.09.2024/6R/incomplete/102MEDIA/DSCF0008.JPG,DSCF0008.JPG,6R/incomplete/102MEDIA,2,Western_Leopard_Toad,0.8959,852.3,841.1,1260.7,1374.2,Correct
/srv/shared_leopard_toad/2024/02.09.2024/6R/incomplete/102MEDIA/DSCF0010.JPG,DSCF0010.JPG,6R/incomplete/102MEDIA,2,Western_Leopard_Toad,0.9232,518.4,2066.2,894.9,2354.0,Correct
/srv/shared_leopard_toad/2024/02.09.2024/6R/incomplete/102MEDIA/DSCF0009.JPG,DSCF0009.JPG,6R/incomplete/102MEDIA,2,Western_Leopard_Toad,0.9033,667.0,2036.5,1048.9,2424.7,Correct
/srv/shared_leopard_toad/2024/02.09.2024/6R/incomplete/101MEDIA/DSCF0569.JPG,DSCF0569.JPG,6R/incomplete/101MEDIA,2,Western_Leopard_Toad,0.8376,3110.7,2197.8,3459.3,2449.1,Correct
/srv/shared_leopard_toad/2024/02.09.2024/6R/incomplete/100MEDIA/DSCF0953.JPG,DSCF0953.JPG,6R/incomplete/100MEDIA,2,Western_Leopard_Toad,0.4962,3086.8,1551.8,3748.1,2120.8,Correct
/srv/shared_leopard_toad/2024/02.09.2024/6R/incomplete/100MEDIA/DSCF0952.JPG,DSCF0952.JPG,6R/incomplete/100MEDIA,2,Western_Leopard_Toad,0.3073,2098.6,863.2,2842.7,1536.0,Correct
/srv/shared_leopard_toad/2024/02.09.2024/5R/102MEDIA/DSCF0010.JPG,DSCF0010.JPG,5R/102MEDIA,2,Western_Leopard_Toad,0.9449,3062.1,797.2,3768.2,1584.1,Correct
/srv/shared_leopard_toad/2024/02.09.2024/5R/102MEDIA/102MEDIA/DSCF0010.JPG,DSCF0010.JPG,5R/102MEDIA/102MEDIA,2,Western_Leopard_Toad,0.9449,3062.1,797.2,3768.2,1584.1,Correct
/srv/shared_leopard_toad/2024/02.09.2024/4Z/105MEDIA/DSCF0072.JPG,DSCF0072.JPG,4Z/105MEDIA,2,Western_Leopard_Toad,0.8106,3622.3,1880.8,4258.4,2440.6,Correct
/srv/shared_leopard_toad/2024/02.09.2024/4Z/105MEDIA/DSCF0086.JPG,DSCF0086.JPG,4Z/105MEDIA,2,Western_Leopard_Toad,0.8704,3650.4,1556.9,4310.9,2405.6,Correct
/srv/shared_leopard_toad/2024/26.09.2024/4R/106MEDIA/DSCF0139.JPG,DSCF0139.JPG,4R/106MEDIA,2,Western_Leopard_Toad,0.6661,2756.2,963.1,3047.5,1260.7,Correct
/srv/shared_leopard_toad/2024/26.09.2024/4R/106MEDIA/DSCF0815.JPG,DSCF0815.JPG,4R/106MEDIA,2,Western_Leopard_Toad,0.2667,3178.4,1488.1,3409.9,1829.0,Correct
/srv/shared_leopard_toad/2024/26.09.2024/4R/106MEDIA/DSCF0140.JPG,DSCF0140.JPG,4R/106MEDIA,2,Western_Leopard_Toad,0.6059,2583.3,933.1,2838.5,1275.0,Correct
/srv/shared_leopard_toad/2024/26.09.2024/6R/103MEDIA/DSCF0223.JPG,DSCF0223.JPG,6R/103MEDIA,2,Western_Leopard_Toad,0.7312,3299.3,1681.0,3673.7,2215.7,Correct
/srv/shared_leopard_toad/2024/26.09.2024/6R/103MEDIA/DSCF0224.JPG,DSCF0224.JPG,6R/103MEDIA,2,Western_Leopard_Toad,0.8853,3270.6,1682.8,3667.6,2276.5,Correct
/srv/shared_leopard_toad/2024/26.09.2024/6R/105MEDIA/DSCF0976.JPG,DSCF0976.JPG,6R/105MEDIA,2,Western_Leopard_Toad,0.8893,2084.9,1629.4,2463.0,2120.9,Correct
/srv/shared_leopard_toad/2024/26.09.2024/6R/105MEDIA/DSCF0960.JPG,DSCF0960.JPG,6R/105MEDIA,2,Western_Leopard_Toad,0.8879,3501.6,1856.9,3948.2,2280.0,Correct
/srv/shared_leopard_toad/2024/26.09.2024/6R/104MEDIA/DSCF0421.JPG,DSCF0421.JPG,6R/104MEDIA,2,Western_Leopard_Toad,0.7785,1121.8,1805.9,1674.5,2252.8,Correct
/srv/shared_leopard_toad/2024/26.09.2024/6R/108MEDIA/DSCF0817.JPG,DSCF0817.JPG,6R/108MEDIA,2,Western_Leopard_Toad,0.3616,2966.9,1767.6,3461.3,2332.6,Correct
/srv/shared_leopard_toad/2024/26.09.2024/6R/108MEDIA/DSCF0875.JPG,DSCF0875.JPG,6R/108MEDIA,2,Western_Leopard_Toad,0.467,421.7,2189.3,932.7,2451.7,Correct
/srv/shared_leopard_toad/2024/26.09.2024/6R/108MEDIA/DSCF0816.JPG,DSCF0816.JPG,6R/108MEDIA,2,Western_Leopard_Toad,0.8497,4007.5,588.4,4371.7,1027.8,Correct
/srv/shared_leopard_toad/2024/26.09.2024/6R/108MEDIA/DSCF0641.JPG,DSCF0641.JPG,6R/108MEDIA,2,Western_Leopard_Toad,0.6753,2211.3,84.2,2709.0,687.2,Correct
/srv/shared_leopard_toad/2024/26.09.2024/6R/108MEDIA/DSCF0642.JPG,DSCF0642.JPG,6R/108MEDIA,2,Western_Leopard_Toad,0.7328,2223.4,84.4,2710.5,685.7,Correct
/srv/shared_leopard_toad/2024/26.09.2024/5R/105MEDIA/DSCF0678.JPG,DSCF0678.JPG,5R/105MEDIA,2,Western_Leopard_Toad,0.4949,3535.4,420.1,3805.8,767.2,Correct
/srv/shared_leopard_toad/2024/26.09.2024/5R/105MEDIA/DSCF0680.JPG,DSCF0680.JPG,5R/105MEDIA,2,Western_Leopard_Toad,0.2592,3553.3,440.6,3860.7,750.2,Correct
/srv/shared_leopard_toad/2024/26.09.2024/5R/104MEDIA/DSCF0519.JPG,DSCF0519.JPG,5R/104MEDIA,2,Western_Leopard_Toad,0.3691,2194.7,2324.7,2351.7,2448.4,Correct
/srv/shared_leopard_toad/2024/26.09.2024/5R/102MEDIA/DSCF0510.JPG,DSCF0510.JPG,5R/102MEDIA,2,Western_Leopard_Toad,0.8211,2181.6,249.2,2447.4,596.2,Correct
/srv/shared_leopard_toad/2024/26.09.2024/5R/102MEDIA/DSCF0583.JPG,DSCF0583.JPG,5R/102MEDIA,2,Western_Leopard_Toad,0.6612,3462.9,477.4,3783.9,791.5,Correct
/srv/shared_leopard_toad/2024/26.09.2024/5R/108MEDIA/DSCF0067.JPG,DSCF0067.JPG,5R/108MEDIA,2,Western_Leopard_Toad,0.8187,3116.2,1887.6,3385.5,2107.7,Correct
/srv/shared_leopard_toad/2024/26.09.2024/5R/108MEDIA/DSCF0063.JPG,DSCF0063.JPG,5R/108MEDIA,2,Western_Leopard_Toad,0.7536,3112.5,1877.6,3380.7,2101.2,Correct
/srv/shared_leopard_toad/2024/26.09.2024/5R/108MEDIA/DSCF0065.JPG,DSCF0065.JPG,5R/108MEDIA,2,Western_Leopard_Toad,0.8255,3119.0,1886.9,3384.9,2107.3,Correct
/srv/shared_leopard_toad/2024/26.09.2024/5R/108MEDIA/DSCF0068.JPG,DSCF0068.JPG,5R/108MEDIA,2,Western_Leopard_Toad,0.8073,3118.1,1887.0,3383.1,2107.2,Correct
/srv/shared_leopard_toad/2024/26.09.2024/5R/108MEDIA/DSCF0469.JPG,DSCF0469.JPG,5R/108MEDIA,2,Western_Leopard_Toad,0.8485,2905.8,1664.4,3191.5,1996.8,Correct
/srv/shared_leopard_toad/2024/26.09.2024/5R/108MEDIA/DSCF0470.JPG,DSCF0470.JPG,5R/108MEDIA,2,Western_Leopard_Toad,0.8571,2903.4,1663.7,3191.3,1998.4,Correct
/srv/shared_leopard_toad/2024/26.09.2024/5R/108MEDIA/DSCF0066.JPG,DSCF0066.JPG,5R/108MEDIA,2,Western_Leopard_Toad,0.8375,3118.1,1888.3,3386.5,2106.5,Correct
/srv/shared_leopard_toad/2024/26.09.2024/5R/108MEDIA/DSCF0064.JPG,DSCF0064.JPG,5R/108MEDIA,2,Western_Leopard_Toad,0.7891,3118.8,1890.5,3387.7,2105.8,Correct
/srv/shared_leopard_toad/2024/26.09.2024/5R/106MEDIA/DSCF0416.JPG,DSCF0416.JPG,5R/106MEDIA,2,Western_Leopard_Toad,0.901,3891.8,677.7,4400.9,1355.0,Correct
/srv/shared_leopard_toad/2024/26.09.2024/5R/106MEDIA/DSCF0549.JPG,DSCF0549.JPG,5R/106MEDIA,2,Western_Leopard_Toad,0.7841,3690.0,2191.7,4056.8,2450.2,Correct
/srv/shared_leopard_toad/2024/26.09.2024/5R/106MEDIA/DSCF0547.JPG,DSCF0547.JPG,5R/106MEDIA,2,Western_Leopard_Toad,0.8477,2627.3,1028.0,2996.3,1453.4,Correct
/srv/shared_leopard_toad/2024/02.10.2024/5R/103MEDIA/DSCF0043.JPG,DSCF0043.JPG,5R/103MEDIA,2,Western_Leopard_Toad,0.2942,1753.9,902.0,2068.2,1277.4,Correct
/srv/shared_leopard_toad/2024/02.10.2024/5R/102MEDIA/DSCF0660.JPG,DSCF0660.JPG,5R/102MEDIA,2,Western_Leopard_Toad,0.4579,1212.7,136.9,1433.4,384.7,Correct
/srv/shared_leopard_toad/2024/02.10.2024/5R/101MEDIA/DSCF0501.JPG,DSCF0501.JPG,5R/101MEDIA,2,Western_Leopard_Toad,0.7936,2036.6,634.5,2316.6,961.7,Correct
/srv/shared_leopard_toad/2024/02.10.2024/5R/101MEDIA/DSCF0505.JPG,DSCF0505.JPG,5R/101MEDIA,2,Western_Leopard_Toad,0.7856,2038.0,635.0,2316.5,962.9,Correct
/srv/shared_leopard_toad/2024/02.10.2024/5R/101MEDIA/DSCF0504.JPG,DSCF0504.JPG,5R/101MEDIA,2,Western_Leopard_Toad,0.8087,2037.9,634.0,2318.0,962.4,Correct
/srv/shared_leopard_toad/2024/02.10.2024/5R/101MEDIA/DSCF0502.JPG,DSCF0502.JPG,5R/101MEDIA,2,Western_Leopard_Toad,0.7894,2038.1,633.2,2318.0,962.1,Correct
/srv/shared_leopard_toad/2024/02.10.2024/5R/101MEDIA/DSCF0499.JPG,DSCF0499.JPG,5R/101MEDIA,2,Western_Leopard_Toad,0.8429,2037.8,634.1,2315.7,961.1,Correct
/srv/shared_leopard_toad/2024/02.10.2024/5R/101MEDIA/DSCF0503.JPG,DSCF0503.JPG,5R/101MEDIA,2,Western_Leopard_Toad,0.8047,2037.6,633.4,2320.3,961.4,Correct
/srv/shared_leopard_toad/2024/02.10.2024/5R/101MEDIA/DSCF0500.JPG,DSCF0500.JPG,5R/101MEDIA,2,Western_Leopard_Toad,0.8393,2038.3,633.0,2317.5,961.9,Correct
/srv/shared_leopard_toad/2024/02.10.2024/5R/101MEDIA/DSCF0498.JPG,DSCF0498.JPG,5R/101MEDIA,2,Western_Leopard_Toad,0.5714,2030.7,617.8,2331.4,946.7,Correct
/srv/shared_leopard_toad/2024/02.10.2024/5R/101MEDIA/DSCF0506.JPG,DSCF0506.JPG,5R/101MEDIA,2,Western_Leopard_Toad,0.8038,2038.6,634.3,2318.8,962.8,Correct
/srv/shared_leopard_toad/2024/16.09.2024/5Z/107MEDIA/DSCF0113.JPG,DSCF0113.JPG,5Z/107MEDIA,2,Western_Leopard_Toad,0.6882,2554.3,0.0,3388.4,678.4,Correct
/srv/shared_leopard_toad/2024/16.09.2024/5Z/107MEDIA/DSCF0113.JPG,DSCF0113.JPG,5Z/107MEDIA,2,Western_Leopard_Toad,0.5844,2798.5,0.0,3382.9,687.5,Correct
/srv/shared_leopard_toad/2024/16.09.2024/4R/109MEDIA/DSCF0012.JPG,DSCF0012.JPG,4R/109MEDIA,2,Western_Leopard_Toad,0.3151,2313.8,1847.0,2611.3,2099.5,Correct
/srv/shared_leopard_toad/2024/16.09.2024/4R/109MEDIA/DSCF0015.JPG,DSCF0015.JPG,4R/109MEDIA,2,Western_Leopard_Toad,0.7081,2341.7,1831.7,2596.0,2077.0,Correct
/srv/shared_leopard_toad/2024/16.09.2024/4R/109MEDIA/DSCF0013.JPG,DSCF0013.JPG,4R/109MEDIA,2,Western_Leopard_Toad,0.4175,2266.1,1781.2,2523.1,2041.0,Correct
/srv/shared_leopard_toad/2024/16.09.2024/4R/109MEDIA/DSCF0011.JPG,DSCF0011.JPG,4R/109MEDIA,2,Western_Leopard_Toad,0.6486,2389.4,1836.4,2649.2,2096.4,Correct
/srv/shared_leopard_toad/2024/16.09.2024/4R/109MEDIA/DSCF0017.JPG,DSCF0017.JPG,4R/109MEDIA,2,Western_Leopard_Toad,0.5866,2161.0,1670.8,2436.7,1934.7,Correct
/srv/shared_leopard_toad/2024/16.09.2024/4R/109MEDIA/DSCF0010.JPG,DSCF0010.JPG,4R/109MEDIA,2,Western_Leopard_Toad,0.6958,2386.7,1867.8,2646.2,2121.1,Correct
/srv/shared_leopard_toad/2024/16.09.2024/4R/109MEDIA/DSCF0016.JPG,DSCF0016.JPG,4R/109MEDIA,2,Western_Leopard_Toad,0.56,2343.3,1833.0,2596.4,2078.2,Correct
/srv/shared_leopard_toad/2024/16.09.2024/4R/109MEDIA/DSCF0014.JPG,DSCF0014.JPG,4R/109MEDIA,2,Western_Leopard_Toad,0.6846,2342.5,1829.5,2597.6,2078.7,Correct
/srv/shared_leopard_toad/2024/16.09.2024/4R/109MEDIA/DSCF0009.JPG,DSCF0009.JPG,4R/109MEDIA,2,Western_Leopard_Toad,0.7664,2424.2,1891.8,2705.1,2144.6,Correct
/srv/shared_leopard_toad/2024/16.09.2024/5R/107MEDIA/DSCF0112.JPG,DSCF0112.JPG,5R/107MEDIA,2,Western_Leopard_Toad,0.859,3442.6,1979.1,3896.4,2444.9,Correct
/srv/shared_leopard_toad/2024/16.09.2024/5R/108MEDIA/DSCF0734.JPG,DSCF0734.JPG,5R/108MEDIA,2,Western_Leopard_Toad,0.7995,2481.1,1439.6,2795.2,1792.9,Correct
/srv/shared_leopard_toad/2024/16.09.2024/5R/108MEDIA/DSCF0747.JPG,DSCF0747.JPG,5R/108MEDIA,2,Western_Leopard_Toad,0.8885,4082.0,1988.3,4370.5,2229.8,Correct
/srv/shared_leopard_toad/2024/16.09.2024/5R/108MEDIA/DSCF0746.JPG,DSCF0746.JPG,5R/108MEDIA,2,Western_Leopard_Toad,0.7371,2843.0,2191.5,3107.0,2449.9,Correct
/srv/shared_leopard_toad/2024/11.10.2024/4R/103MEDIA/DSCF0605.JPG,DSCF0605.JPG,4R/103MEDIA,2,Western_Leopard_Toad,0.5128,907.9,0.0,1719.1,462.1,Correct
/srv/shared_leopard_toad/2024/11.10.2024/4R/104MEDIA/DSCF0708.JPG,DSCF0708.JPG,4R/104MEDIA,2,Western_Leopard_Toad,0.8399,2659.3,422.9,3359.1,1266.5,Correct
/srv/shared_leopard_toad/2024/11.10.2024/4R/110MEDIA/DSCF0128.JPG,DSCF0128.JPG,4R/110MEDIA,2,Western_Leopard_Toad,0.7411,3619.2,693.0,4193.6,1334.2,Correct
/srv/shared_leopard_toad/2024/11.10.2024/6R/104MEDIA/DSCF0365.JPG,DSCF0365.JPG,6R/104MEDIA,2,Western_Leopard_Toad,0.3181,1633.0,336.3,2004.1,716.5,Correct
/srv/shared_leopard_toad/2024/11.10.2024/6R/104MEDIA/DSCF0367.JPG,DSCF0367.JPG,6R/104MEDIA,2,Western_Leopard_Toad,0.2919,508.6,1508.6,867.3,1790.6,Correct
/srv/shared_leopard_toad/2024/11.10.2024/6R/110MEDIA/DSCF0899.JPG,DSCF0899.JPG,6R/110MEDIA,2,Western_Leopard_Toad,0.6082,970.0,1656.5,1443.4,2045.6,Correct
/srv/shared_leopard_toad/2024/11.10.2024/5R/112MEDIA/DSCF0107 (2).JPG,DSCF0107 (2).JPG,5R/112MEDIA,2,Western_Leopard_Toad,0.8943,3062.5,763.6,3407.0,1146.6,Correct
/srv/shared_leopard_toad/2024/11.10.2024/5R/112MEDIA/DSCF0109 (2).JPG,DSCF0109 (2).JPG,5R/112MEDIA,2,Western_Leopard_Toad,0.8898,3059.9,764.5,3409.7,1145.9,Correct
/srv/shared_leopard_toad/2024/11.10.2024/5R/112MEDIA/DSCF0108 (2).JPG,DSCF0108 (2).JPG,5R/112MEDIA,2,Western_Leopard_Toad,0.8892,3061.9,764.0,3405.0,1148.5,Correct
/srv/shared_leopard_toad/2024/11.10.2024/5R/111MEDIA/DSCF0746.JPG,DSCF0746.JPG,5R/111MEDIA,2,Western_Leopard_Toad,0.3937,3800.0,1486.3,4086.7,1777.4,Correct
/srv/shared_leopard_toad/2024/11.10.2024/5R/105MEDIA/DSCF0867.JPG,DSCF0867.JPG,5R/105MEDIA,2,Western_Leopard_Toad,0.7994,1332.5,1885.0,1995.4,2422.6,Correct
/srv/shared_leopard_toad/2024/11.10.2024/5R/104MEDIA/DSCF0837.JPG,DSCF0837.JPG,5R/104MEDIA,2,Western_Leopard_Toad,0.5404,688.6,2204.5,968.3,2448.8,Correct
/srv/shared_leopard_toad/2024/11.10.2024/5R/104MEDIA/DSCF0722.JPG,DSCF0722.JPG,5R/104MEDIA,2,Western_Leopard_Toad,0.7864,3641.9,1936.3,3895.8,2259.8,Correct
/srv/shared_leopard_toad/2024/11.10.2024/5R/104MEDIA/DSCF0723.JPG,DSCF0723.JPG,5R/104MEDIA,2,Western_Leopard_Toad,0.6877,3644.9,1923.4,3892.1,2244.5,Correct
/srv/shared_leopard_toad/2024/11.10.2024/5R/104MEDIA/DSCF0838.JPG,DSCF0838.JPG,5R/104MEDIA,2,Western_Leopard_Toad,0.4846,691.4,2199.5,970.7,2449.7,Correct
/srv/shared_leopard_toad/2024/11.10.2024/5R/104MEDIA/DSCF0721.JPG,DSCF0721.JPG,5R/104MEDIA,2,Western_Leopard_Toad,0.8132,3680.1,1945.2,3939.0,2271.5,Correct
/srv/shared_leopard_toad/2024/11.10.2024/5R/104MEDIA/DSCF0794.JPG,DSCF0794.JPG,5R/104MEDIA,2,Western_Leopard_Toad,0.4644,827.7,398.6,1096.3,699.3,Correct
/srv/shared_leopard_toad/2024/11.10.2024/5R/104MEDIA/DSCF0844.JPG,DSCF0844.JPG,5R/104MEDIA,2,Western_Leopard_Toad,0.4587,689.3,2202.0,976.1,2450.1,Correct
/srv/shared_leopard_toad/2024/11.10.2024/5R/104MEDIA/DSCF0793.JPG,DSCF0793.JPG,5R/104MEDIA,2,Western_Leopard_Toad,0.4498,824.3,398.4,1093.3,702.8,Correct
/srv/shared_leopard_toad/2024/11.10.2024/5R/104MEDIA/DSCF0808.JPG,DSCF0808.JPG,5R/104MEDIA,2,Western_Leopard_Toad,0.8017,1025.2,182.7,1305.6,461.4,Correct
/srv/shared_leopard_toad/2024/11.10.2024/5R/104MEDIA/DSCF0800.JPG,DSCF0800.JPG,5R/104MEDIA,2,Western_Leopard_Toad,0.4484,883.6,313.5,1148.7,614.7,Correct
/srv/shared_leopard_toad/2024/11.10.2024/5R/104MEDIA/DSCF0843.JPG,DSCF0843.JPG,5R/104MEDIA,2,Western_Leopard_Toad,0.3786,691.2,2214.5,973.3,2450.2,Correct
/srv/shared_leopard_toad/2024/11.10.2024/5R/108MEDIA/DSCF0490.JPG,DSCF0490.JPG,5R/108MEDIA,2,Western_Leopard_Toad,0.8194,2445.9,1155.8,2806.6,1549.6,Correct
/srv/shared_leopard_toad/2024/11.10.2024/5R/108MEDIA/DSCF0494.JPG,DSCF0494.JPG,5R/108MEDIA,2,Western_Leopard_Toad,0.4744,2448.6,626.5,2768.4,994.5,Correct
/srv/shared_leopard_toad/2024/11.10.2024/5R/108MEDIA/DSCF0494.JPG,DSCF0494.JPG,5R/108MEDIA,2,Western_Leopard_Toad,0.2729,2303.7,622.6,2771.9,994.2,Correct
/srv/shared_leopard_toad/2024/11.10.2024/5R/108MEDIA/DSCF0492.JPG,DSCF0492.JPG,5R/108MEDIA,2,Western_Leopard_Toad,0.6986,2432.6,635.6,2765.0,1020.9,Correct
/srv/shared_leopard_toad/2024/11.10.2024/5R/108MEDIA/DSCF0491.JPG,DSCF0491.JPG,5R/108MEDIA,2,Western_Leopard_Toad,0.8334,2445.1,1154.2,2808.1,1549.6,Correct
/srv/shared_leopard_toad/2024/11.10.2024/5R/108MEDIA/DSCF0493.JPG,DSCF0493.JPG,5R/108MEDIA,2,Western_Leopard_Toad,0.7771,2432.7,635.9,2764.2,1024.3,Correct
/srv/shared_leopard_toad/2024/11.10.2024/5R/101MEDIA/DSCF0074.JPG,DSCF0074.JPG,5R/101MEDIA,2,Western_Leopard_Toad,0.3135,2457.4,1131.3,2725.2,1405.7,Correct
/srv/shared_leopard_toad/2024/19.09.2024/5R/101MEDIA/DSCF0489.JPG,DSCF0489.JPG,5R/101MEDIA,2,Western_Leopard_Toad,0.5251,3145.0,124.6,3425.8,429.4,Correct
/srv/shared_leopard_toad/2024/28.08.2024/5Z/107MEDIA/DSCF0302.JPG,DSCF0302.JPG,5Z/107MEDIA,2,Western_Leopard_Toad,0.3839,3107.1,931.7,3787.3,1646.9,Correct
/srv/shared_leopard_toad/2024/28.08.2024/5Z/107MEDIA/DSCF0300.JPG,DSCF0300.JPG,5Z/107MEDIA,2,Western_Leopard_Toad,0.473,3107.9,928.5,3793.6,1637.1,Correct
/srv/shared_leopard_toad/2024/28.08.2024/5Z/107MEDIA/DSCF0201.JPG,DSCF0201.JPG,5Z/107MEDIA,2,Western_Leopard_Toad,0.7278,3470.7,1006.8,4066.6,1829.8,Correct
/srv/shared_leopard_toad/2024/28.08.2024/5Z/108MEDIA/DSCF0774.JPG,DSCF0774.JPG,5Z/108MEDIA,2,Western_Leopard_Toad,0.5419,2766.3,708.1,3471.5,1561.9,Correct
/srv/shared_leopard_toad/2024/28.08.2024/5Z/108MEDIA/DSCF0777.JPG,DSCF0777.JPG,5Z/108MEDIA,2,Western_Leopard_Toad,0.536,2756.9,613.2,3471.8,1566.4,Correct
/srv/shared_leopard_toad/2024/28.08.2024/5Z/108MEDIA/DSCF0827.JPG,DSCF0827.JPG,5Z/108MEDIA,2,Western_Leopard_Toad,0.4407,489.8,857.2,924.2,1325.3,Correct
/srv/shared_leopard_toad/2024/28.08.2024/5Z/108MEDIA/DSCF0780.JPG,DSCF0780.JPG,5Z/108MEDIA,2,Western_Leopard_Toad,0.5425,2763.5,652.1,3467.4,1572.8,Correct
/srv/shared_leopard_toad/2024/28.08.2024/5Z/108MEDIA/DSCF0817.JPG,DSCF0817.JPG,5Z/108MEDIA,2,Western_Leopard_Toad,0.3428,479.8,859.9,922.9,1331.7,Correct
/srv/shared_leopard_toad/2024/28.08.2024/5Z/108MEDIA/DSCF0781.JPG,DSCF0781.JPG,5Z/108MEDIA,2,Western_Leopard_Toad,0.8026,1589.5,797.3,2488.4,1395.2,Correct
/srv/shared_leopard_toad/2024/28.08.2024/5Z/108MEDIA/DSCF0823.JPG,DSCF0823.JPG,5Z/108MEDIA,2,Western_Leopard_Toad,0.5903,489.6,858.5,915.3,1322.3,Correct
/srv/shared_leopard_toad/2024/28.08.2024/5Z/108MEDIA/DSCF0778.JPG,DSCF0778.JPG,5Z/108MEDIA,2,Western_Leopard_Toad,0.5652,2770.2,726.2,3464.4,1560.9,Correct
/srv/shared_leopard_toad/2024/28.08.2024/5Z/108MEDIA/DSCF0775.JPG,DSCF0775.JPG,5Z/108MEDIA,2,Western_Leopard_Toad,0.5846,2766.0,691.4,3469.7,1556.4,Correct
/srv/shared_leopard_toad/2024/28.08.2024/5Z/108MEDIA/DSCF0772.JPG,DSCF0772.JPG,5Z/108MEDIA,2,Western_Leopard_Toad,0.3957,2673.7,779.2,3444.2,1560.7,Correct
/srv/shared_leopard_toad/2024/28.08.2024/5Z/108MEDIA/DSCF0773.JPG,DSCF0773.JPG,5Z/108MEDIA,2,Western_Leopard_Toad,0.5486,2766.2,687.4,3471.6,1563.4,Correct
/srv/shared_leopard_toad/2024/28.08.2024/5Z/108MEDIA/DSCF0825.JPG,DSCF0825.JPG,5Z/108MEDIA,2,Western_Leopard_Toad,0.3994,488.2,862.4,914.5,1322.0,Correct
/srv/shared_leopard_toad/2024/28.08.2024/5Z/108MEDIA/DSCF0828.JPG,DSCF0828.JPG,5Z/108MEDIA,2,Western_Leopard_Toad,0.3868,496.4,859.2,921.7,1325.7,Correct
/srv/shared_leopard_toad/2024/28.08.2024/5Z/108MEDIA/DSCF0779.JPG,DSCF0779.JPG,5Z/108MEDIA,2,Western_Leopard_Toad,0.5667,2760.1,634.7,3471.5,1558.0,Correct
/srv/shared_leopard_toad/2024/28.08.2024/5Z/108MEDIA/DSCF0770.JPG,DSCF0770.JPG,5Z/108MEDIA,2,Western_Leopard_Toad,0.3685,2172.1,992.6,2884.3,1695.3,Correct
/srv/shared_leopard_toad/2024/28.08.2024/5Z/108MEDIA/DSCF0831.JPG,DSCF0831.JPG,5Z/108MEDIA,2,Western_Leopard_Toad,0.3857,495.5,856.4,923.2,1327.4,Correct
/srv/shared_leopard_toad/2024/28.08.2024/5Z/108MEDIA/DSCF0771.JPG,DSCF0771.JPG,5Z/108MEDIA,2,Western_Leopard_Toad,0.589,2152.7,2236.8,2670.9,2449.3,Correct
/srv/shared_leopard_toad/2024/28.08.2024/5Z/108MEDIA/DSCF0771.JPG,DSCF0771.JPG,5Z/108MEDIA,2,Western_Leopard_Toad,0.452,2862.0,1615.4,3403.0,2415.8,Correct
/srv/shared_leopard_toad/2024/28.08.2024/5Z/108MEDIA/DSCF0776.JPG,DSCF0776.JPG,5Z/108MEDIA,2,Western_Leopard_Toad,0.5959,2765.8,716.9,3468.5,1565.3,Correct
/srv/shared_leopard_toad/2024/28.08.2024/5Z/108MEDIA/DSCF0819.JPG,DSCF0819.JPG,5Z/108MEDIA,2,Western_Leopard_Toad,0.5135,489.9,854.0,912.5,1326.7,Correct
/srv/shared_leopard_toad/2024/28.08.2024/5Z/108MEDIA/DSCF0829.JPG,DSCF0829.JPG,5Z/108MEDIA,2,Western_Leopard_Toad,0.6107,485.6,864.5,913.0,1324.8,Correct
/srv/shared_leopard_toad/2024/28.08.2024/5Z/108MEDIA/DSCF0832.JPG,DSCF0832.JPG,5Z/108MEDIA,2,Western_Leopard_Toad,0.4746,488.7,860.2,913.3,1328.0,Correct
/srv/shared_leopard_toad/2024/28.08.2024/5Z/108MEDIA/DSCF0836.JPG,DSCF0836.JPG,5Z/108MEDIA,2,Western_Leopard_Toad,0.3497,485.7,859.0,923.3,1323.9,Correct
/srv/shared_leopard_toad/2024/28.08.2024/4R/104MEDIA/DSCF0621.JPG,DSCF0621.JPG,4R/104MEDIA,2,Western_Leopard_Toad,0.7908,954.9,1664.5,1348.1,2216.6,Correct
/srv/shared_leopard_toad/2024/28.08.2024/6R/105MEDIA/DSCF0661.JPG,DSCF0661.JPG,6R/105MEDIA,2,Western_Leopard_Toad,0.8296,2378.6,1920.9,2801.0,2442.3,Correct
/srv/shared_leopard_toad/2024/28.08.2024/6R/105MEDIA/DSCF0111.JPG,DSCF0111.JPG,6R/105MEDIA,2,Western_Leopard_Toad,0.4825,2136.8,1362.7,2599.7,1956.8,Correct
/srv/shared_leopard_toad/2024/28.08.2024/6R/104MEDIA/DSCF0725.JPG,DSCF0725.JPG,6R/104MEDIA,2,Western_Leopard_Toad,0.5191,514.9,1817.8,1033.6,2440.3,Correct
/srv/shared_leopard_toad/2024/28.08.2024/6R/100MEDIA/DSCF0914.JPG,DSCF0914.JPG,6R/100MEDIA,2,Western_Leopard_Toad,0.8514,2958.0,1055.8,3509.9,1697.5,Correct
/srv/shared_leopard_toad/2024/28.08.2024/5R/105MEDIA/DSCF0683.JPG,DSCF0683.JPG,5R/105MEDIA,2,Western_Leopard_Toad,0.7592,993.2,208.5,1616.5,814.6,Correct
/srv/shared_leopard_toad/2024/28.08.2024/5R/105MEDIA/DSCF0684.JPG,DSCF0684.JPG,5R/105MEDIA,2,Western_Leopard_Toad,0.3454,1039.0,1990.9,1503.9,2446.9,Correct
/srv/shared_leopard_toad/2024/28.08.2024/5R/104MEDIA/DSCF0856.JPG,DSCF0856.JPG,5R/104MEDIA,2,Western_Leopard_Toad,0.5568,1139.0,923.3,1831.8,1613.5,Correct
/srv/shared_leopard_toad/2024/28.08.2024/5R/100MEDIA/DSCF0546.JPG,DSCF0546.JPG,5R/100MEDIA,2,Western_Leopard_Toad,0.8698,1626.9,1680.2,2241.1,2239.9,Correct
/srv/shared_leopard_toad/2024/28.08.2024/5R/100MEDIA/DSCF0546.JPG,DSCF0546.JPG,5R/100MEDIA,2,Western_Leopard_Toad,0.6934,1432.1,976.6,2168.3,1664.8,Correct
/srv/shared_leopard_toad/2024/09.02.2024/5Z/102MEDIA/DSCF0483.JPG,DSCF0483.JPG,5Z/102MEDIA,2,Western_Leopard_Toad,0.7247,2072.6,1318.2,2634.9,1904.1,Correct
/srv/shared_leopard_toad/2024/09.02.2024/5Z/101MEDIA/DSCF0629.JPG,DSCF0629.JPG,5Z/101MEDIA,2,Western_Leopard_Toad,0.3397,3323.0,1766.9,3806.0,2370.2,Correct
/srv/shared_leopard_toad/2024/09.02.2024/5Z/101MEDIA/DSCF0626.JPG,DSCF0626.JPG,5Z/101MEDIA,2,Western_Leopard_Toad,0.3623,3337.9,1770.7,3803.2,2434.8,Correct
/srv/shared_leopard_toad/2024/09.02.2024/5Z/101MEDIA/DSCF0627.JPG,DSCF0627.JPG,5Z/101MEDIA,2,Western_Leopard_Toad,0.3611,3325.7,1756.0,3736.6,2346.0,Correct
/srv/shared_leopard_toad/2024/09.02.2024/5Z/101MEDIA/DSCF0628.JPG,DSCF0628.JPG,5Z/101MEDIA,2,Western_Leopard_Toad,0.2809,3321.0,1760.8,3783.8,2422.5,Correct
/srv/shared_leopard_toad/2024/09.02.2024/5Z/101MEDIA/DSCF0926.JPG,DSCF0926.JPG,5Z/101MEDIA,2,Western_Leopard_Toad,0.8388,1876.6,1092.7,2489.7,1759.2,Correct
/srv/shared_leopard_toad/2024/09.02.2024/5Z/100MEDIA/DSCF0339.JPG,DSCF0339.JPG,5Z/100MEDIA,2,Western_Leopard_Toad,0.8897,2357.0,1903.4,3032.1,2380.7,Correct
/srv/shared_leopard_toad/2024/09.02.2024/5Z/100MEDIA/DSCF0338.JPG,DSCF0338.JPG,5Z/100MEDIA,2,Western_Leopard_Toad,0.9001,2360.3,1901.4,3032.7,2376.6,Correct
/srv/shared_leopard_toad/2024/09.02.2024/4R/102MEDIA/DSCF0898.JPG,DSCF0898.JPG,4R/102MEDIA,2,Western_Leopard_Toad,0.7572,1250.7,1641.4,1675.5,2159.7,Correct
/srv/shared_leopard_toad/2024/09.02.2024/4R/101MEDIA/DSCF0730.JPG,DSCF0730.JPG,4R/101MEDIA,2,Western_Leopard_Toad,0.8695,618.8,109.1,1160.9,760.9,Correct
/srv/shared_leopard_toad/2024/09.02.2024/4R/101MEDIA/DSCF0729.JPG,DSCF0729.JPG,4R/101MEDIA,2,Western_Leopard_Toad,0.8297,608.9,103.6,1161.3,758.8,Correct
/srv/shared_leopard_toad/2024/09.02.2024/4R/101MEDIA/DSCF0600.JPG,DSCF0600.JPG,4R/101MEDIA,2,Western_Leopard_Toad,0.3613,2207.0,0.0,2463.8,203.4,Correct
/srv/shared_leopard_toad/2024/09.02.2024/4R/100MEDIA/DSCF0198.JPG,DSCF0198.JPG,4R/100MEDIA,2,Western_Leopard_Toad,0.2602,2625.0,335.5,2878.9,550.4,Correct
/srv/shared_leopard_toad/2024/09.02.2024/4R/100MEDIA/DSCF0638.JPG,DSCF0638.JPG,4R/100MEDIA,2,Western_Leopard_Toad,0.331,2082.8,753.9,2345.4,985.0,Correct
/srv/shared_leopard_toad/2024/09.02.2024/6R/103MEDIA/DSCF0333.JPG,DSCF0333.JPG,6R/103MEDIA,2,Western_Leopard_Toad,0.8835,2420.8,1931.0,2926.7,2447.5,Correct
/srv/shared_leopard_toad/2024/09.02.2024/6R/105MEDIA/DSCF0905.JPG,DSCF0905.JPG,6R/105MEDIA,2,Western_Leopard_Toad,0.3923,585.5,1895.3,837.5,2226.9,Correct
/srv/shared_leopard_toad/2024/09.02.2024/6R/102MEDIA/DSCF0469.JPG,DSCF0469.JPG,6R/102MEDIA,2,Western_Leopard_Toad,0.7065,3697.4,1326.0,4203.2,1818.0,Correct
/srv/shared_leopard_toad/2024/09.02.2024/6R/102MEDIA/DSCF0584.JPG,DSCF0584.JPG,6R/102MEDIA,2,Western_Leopard_Toad,0.8027,2066.3,1370.4,2603.5,2056.4,Correct
/srv/shared_leopard_toad/2024/09.02.2024/6R/101MEDIA/DSCF0855.JPG,DSCF0855.JPG,6R/101MEDIA,2,Western_Leopard_Toad,0.6574,38.5,1945.9,650.0,2449.3,Correct
/srv/shared_leopard_toad/2024/09.02.2024/6R/106MEDIA/DSCF0505.JPG,DSCF0505.JPG,6R/106MEDIA,2,Western_Leopard_Toad,0.8688,2451.0,1233.7,3001.8,1927.4,Correct
/srv/shared_leopard_toad/2024/09.02.2024/5R/102MEDIA/DSCF0061.JPG,DSCF0061.JPG,5R/102MEDIA,2,Western_Leopard_Toad,0.3907,858.8,2017.4,1239.1,2437.6,Correct
/srv/shared_leopard_toad/2024/09.02.2024/5R/102MEDIA/DSCF0063.JPG,DSCF0063.JPG,5R/102MEDIA,2,Western_Leopard_Toad,0.5821,927.8,2174.8,1317.6,2450.0,Correct
/srv/shared_leopard_toad/2024/09.02.2024/5R/102MEDIA/DSCF0065.JPG,DSCF0065.JPG,5R/102MEDIA,2,Western_Leopard_Toad,0.6918,926.9,2173.7,1324.0,2449.9,Correct
/srv/shared_leopard_toad/2024/09.02.2024/5R/102MEDIA/DSCF0074.JPG,DSCF0074.JPG,5R/102MEDIA,2,Western_Leopard_Toad,0.8984,2719.6,1297.7,3331.2,1947.0,Correct
/srv/shared_leopard_toad/2024/09.02.2024/5R/102MEDIA/DSCF0059.JPG,DSCF0059.JPG,5R/102MEDIA,2,Western_Leopard_Toad,0.2884,883.9,2263.8,1259.5,2451.3,Correct
/srv/shared_leopard_toad/2024/09.02.2024/5R/102MEDIA/DSCF0062.JPG,DSCF0062.JPG,5R/102MEDIA,2,Western_Leopard_Toad,0.6144,927.4,2174.4,1321.2,2450.0,Correct
/srv/shared_leopard_toad/2024/09.02.2024/5R/102MEDIA/DSCF0064.JPG,DSCF0064.JPG,5R/102MEDIA,2,Western_Leopard_Toad,0.7445,929.6,2172.6,1320.5,2450.1,Correct
/srv/shared_leopard_toad/2024/09.02.2024/5R/101MEDIA/DSCF0697.JPG,DSCF0697.JPG,5R/101MEDIA,2,Western_Leopard_Toad,0.5508,3839.0,2302.9,4089.5,2454.4,Correct
/srv/shared_leopard_toad/2024/09.02.2024/5R/101MEDIA/DSCF0666.JPG,DSCF0666.JPG,5R/101MEDIA,2,Western_Leopard_Toad,0.3383,3695.8,2181.8,4093.0,2450.7,Correct
/srv/shared_leopard_toad/2024/09.02.2024/5R/101MEDIA/DSCF0675.JPG,DSCF0675.JPG,5R/101MEDIA,2,Western_Leopard_Toad,0.329,3845.5,2263.3,4086.8,2450.8,Correct
/srv/shared_leopard_toad/2024/09.02.2024/5R/101MEDIA/DSCF0693.JPG,DSCF0693.JPG,5R/101MEDIA,2,Western_Leopard_Toad,0.575,3837.7,2305.4,4093.1,2453.9,Correct
/srv/shared_leopard_toad/2024/09.02.2024/5R/101MEDIA/DSCF0690.JPG,DSCF0690.JPG,5R/101MEDIA,2,Western_Leopard_Toad,0.3222,3846.8,2275.2,4087.3,2451.9,Correct
/srv/shared_leopard_toad/2024/09.02.2024/5R/101MEDIA/DSCF0692.JPG,DSCF0692.JPG,5R/101MEDIA,2,Western_Leopard_Toad,0.6033,3839.3,2306.4,4091.9,2454.3,Correct
/srv/shared_leopard_toad/2024/09.02.2024/5R/101MEDIA/DSCF0695.JPG,DSCF0695.JPG,5R/101MEDIA,2,Western_Leopard_Toad,0.5077,3838.7,2295.1,4086.6,2453.4,Correct
/srv/shared_leopard_toad/2024/09.02.2024/5R/101MEDIA/DSCF0687.JPG,DSCF0687.JPG,5R/101MEDIA,2,Western_Leopard_Toad,0.2725,3853.8,2259.8,4090.5,2449.7,Correct
/srv/shared_leopard_toad/2024/09.02.2024/5R/101MEDIA/DSCF0694.JPG,DSCF0694.JPG,5R/101MEDIA,2,Western_Leopard_Toad,0.529,3837.4,2300.4,4090.4,2455.4,Correct
/srv/shared_leopard_toad/2024/09.02.2024/5R/101MEDIA/DSCF0696.JPG,DSCF0696.JPG,5R/101MEDIA,2,Western_Leopard_Toad,0.5816,3840.5,2305.2,4093.0,2453.6,Correct
/srv/shared_leopard_toad/2024/09.02.2024/5R/100MEDIA/DSCF0185.JPG,DSCF0185.JPG,5R/100MEDIA,2,Western_Leopard_Toad,0.6271,665.0,2183.8,1248.8,2452.5,Correct
/srv/shared_leopard_toad/2024/09.02.2024/5R/100MEDIA/DSCF0207.JPG,DSCF0207.JPG,5R/100MEDIA,2,Western_Leopard_Toad,0.8237,1412.2,285.4,1922.4,969.2,Correct
/srv/shared_leopard_toad/2024/09.02.2024/5R/100MEDIA/DSCF0729.JPG,DSCF0729.JPG,5R/100MEDIA,2,Western_Leopard_Toad,0.805,2665.9,467.4,3402.7,1139.4,Correct
/srv/shared_leopard_toad/2024/09.02.2024/5R/100MEDIA/DSCF0208.JPG,DSCF0208.JPG,5R/100MEDIA,2,Western_Leopard_Toad,0.4003,1131.1,0.0,1701.1,660.2,Correct
/srv/shared_leopard_toad/2024/09.02.2024/5R/100MEDIA/DSCF0211.JPG,DSCF0211.JPG,5R/100MEDIA,2,Western_Leopard_Toad,0.7672,1071.7,51.7,1594.9,619.2,Correct
/srv/shared_leopard_toad/2024/09.02.2024/5R/100MEDIA/DSCF0206.JPG,DSCF0206.JPG,5R/100MEDIA,2,Western_Leopard_Toad,0.874,2649.4,1657.7,3155.4,2301.1,Correct
/srv/shared_leopard_toad/2024/09.02.2024/5R/100MEDIA/DSCF0209.JPG,DSCF0209.JPG,5R/100MEDIA,2,Western_Leopard_Toad,0.8291,1083.3,103.6,1634.6,657.3,Correct
/srv/shared_leopard_toad/2024/09.02.2024/5R/100MEDIA/DSCF0212.JPG,DSCF0212.JPG,5R/100MEDIA,2,Western_Leopard_Toad,0.674,1087.9,57.5,1597.8,624.7,Correct
/srv/shared_leopard_toad/2024/09.02.2024/5R/100MEDIA/DSCF0213.JPG,DSCF0213.JPG,5R/100MEDIA,2,Western_Leopard_Toad,0.7687,1073.3,51.0,1594.6,621.3,Correct
/srv/shared_leopard_toad/2024/09.02.2024/5R/100MEDIA/DSCF0210.JPG,DSCF0210.JPG,5R/100MEDIA,2,Western_Leopard_Toad,0.8743,1101.6,75.6,1634.6,650.8,Correct
/srv/shared_leopard_toad/2024/09.02.2024/5R/100MEDIA/DSCF0200.JPG,DSCF0200.JPG,5R/100MEDIA,2,Western_Leopard_Toad,0.7989,872.8,1185.3,1390.6,1654.7,Correct
/srv/shared_leopard_toad/2024/09.02.2024/5R/100MEDIA/DSCF0201.JPG,DSCF0201.JPG,5R/100MEDIA,2,Western_Leopard_Toad,0.8551,874.6,1185.9,1389.4,1673.0,Correct
/srv/shared_leopard_toad/2024/09.02.2024/4Z/100MEDIA/DSCF0408.JPG,DSCF0408.JPG,4Z/100MEDIA,2,Western_Leopard_Toad,0.793,3558.4,498.3,4151.1,953.7,Correct
/srv/shared_leopard_toad/2023/Cameras - AI Data/5Z/5z-100 (117).JPG,5z-100 (117).JPG,5Z,2,Western_Leopard_Toad,0.9264,2390.2,2009.4,3075.2,2825.0,Correct
/srv/shared_leopard_toad/2023/Cameras - AI Data/5Z/5z-100 (770).JPG,5z-100 (770).JPG,5Z,2,Western_Leopard_Toad,0.9232,3307.1,2074.1,4034.6,2604.0,Correct
/srv/shared_leopard_toad/2023/Cameras - AI Data/5Z/5z-100 (76).JPG,5z-100 (76).JPG,5Z,2,Western_Leopard_Toad,0.8434,4312.7,956.4,4919.6,1684.0,Correct
/srv/shared_leopard_toad/2023/Cameras - AI Data/5Z/5z-100 (118).JPG,5z-100 (118).JPG,5Z,2,Western_Leopard_Toad,0.9258,2387.1,2009.6,3073.4,2823.0,Correct
/srv/shared_leopard_toad/2023/Cameras - AI Data/5Z/DSCF0894.JPG,DSCF0894.JPG,5Z,2,Western_Leopard_Toad,0.9232,3307.1,2074.1,4034.6,2604.0,Correct
/srv/shared_leopard_toad/2023/Cameras - AI Data/5Z/5z-104 (256).JPG,5z-104 (256).JPG,5Z,2,Western_Leopard_Toad,0.9082,2245.6,2456.3,2791.6,2855.7,Correct
/srv/shared_leopard_toad/2023/Cameras - AI Data/5Z/DSCF0242.JPG,DSCF0242.JPG,5Z,2,Western_Leopard_Toad,0.9258,2387.1,2009.6,3073.4,2823.0,Correct
/srv/shared_leopard_toad/2023/Cameras - AI Data/5Z/DSCF0241.JPG,DSCF0241.JPG,5Z,2,Western_Leopard_Toad,0.9264,2390.2,2009.4,3075.2,2825.0,Correct
/srv/shared_leopard_toad/2023/Cameras - AI Data/5Z/5z-100 (389).JPG,5z-100 (389).JPG,5Z,2,Western_Leopard_Toad,0.867,3671.4,2081.4,4255.6,2653.2,Correct
/srv/shared_leopard_toad/2023/Cameras - AI Data/6R/103MEDIA/6r-103 (326).JPG,6r-103 (326).JPG,6R/103MEDIA,2,Western_Leopard_Toad,0.4666,1746.2,1413.3,2034.3,1750.4,Correct
/srv/shared_leopard_toad/2023/Cameras - AI Data/4Z/DSCF0589.JPG,DSCF0589.JPG,4Z,2,Western_Leopard_Toad,0.8832,3684.3,1788.1,4608.0,2456.9,Correct
/srv/shared_leopard_toad/2023/Cameras - AI Data/4Z/4z-101 (818).JPG,4z-101 (818).JPG,4Z,2,Western_Leopard_Toad,0.8515,1511.2,2147.4,2278.9,2457.0,Correct
/srv/shared_leopard_toad/2023/Cameras - AI Data/4Z/4z-101 (830).JPG,4z-101 (830).JPG,4Z,2,Western_Leopard_Toad,0.9108,2727.3,1957.0,3575.8,2454.5,Correct
/srv/shared_leopard_toad/2023/Cameras - AI Data/4Z/DSCF0812.JPG,DSCF0812.JPG,4Z,2,Western_Leopard_Toad,0.9128,1595.0,2051.4,2302.1,2451.1,Correct
/srv/shared_leopard_toad/2023/Cameras - AI Data/4Z/4z-101 (822).JPG,4z-101 (822).JPG,4Z,2,Western_Leopard_Toad,0.8571,1513.4,2155.5,2283.5,2452.6,Correct
/srv/shared_leopard_toad/2023/Cameras - AI Data/4Z/DSCF0822.JPG,DSCF0822.JPG,4Z,2,Western_Leopard_Toad,0.8571,1513.4,2155.5,2283.5,2452.6,Correct
/srv/shared_leopard_toad/2023/Cameras - AI Data/4Z/DSCF0817.JPG,DSCF0817.JPG,4Z,2,Western_Leopard_Toad,0.8516,1514.9,2147.2,2278.5,2456.2,Correct
/srv/shared_leopard_toad/2023/Cameras - AI Data/4Z/4z-101 (815).JPG,4z-101 (815).JPG,4Z,2,Western_Leopard_Toad,0.8854,1517.4,2148.6,2276.5,2457.3,Correct
/srv/shared_leopard_toad/2023/Cameras - AI Data/4Z/4z-100 (589).JPG,4z-100 (589).JPG,4Z,2,Western_Leopard_Toad,0.8832,3684.3,1788.1,4608.0,2456.9,Correct
/srv/shared_leopard_toad/2023/Cameras - AI Data/4Z/4z-101 (828).JPG,4z-101 (828).JPG,4Z,2,Western_Leopard_Toad,0.8966,2725.3,1956.4,3588.9,2452.8,Correct
/srv/shared_leopard_toad/2023/Cameras - AI Data/4Z/4z-101 (824).JPG,4z-101 (824).JPG,4Z,2,Western_Leopard_Toad,0.8291,1507.9,2149.2,2296.1,2457.7,Correct
/srv/shared_leopard_toad/2023/Cameras - AI Data/4Z/4z-101 (816).JPG,4z-101 (816).JPG,4Z,2,Western_Leopard_Toad,0.8454,1518.6,2146.9,2278.7,2456.5,Correct
/srv/shared_leopard_toad/2023/Cameras - AI Data/4Z/DSCF0823.JPG,DSCF0823.JPG,4Z,2,Western_Leopard_Toad,0.4586,1510.9,2149.1,2294.4,2456.6,Correct
/srv/shared_leopard_toad/2023/Cameras - AI Data/4Z/DSCF0820.JPG,DSCF0820.JPG,4Z,2,Western_Leopard_Toad,0.8606,1512.8,2148.2,2280.0,2456.6,Correct
/srv/shared_leopard_toad/2023/Cameras - AI Data/4Z/4z-101 (820).JPG,4z-101 (820).JPG,4Z,2,Western_Leopard_Toad,0.8606,1512.8,2148.2,2280.0,2456.6,Correct
/srv/shared_leopard_toad/2023/Cameras - AI Data/4Z/4z-101 (821).JPG,4z-101 (821).JPG,4Z,2,Western_Leopard_Toad,0.8626,1514.7,2147.1,2279.7,2456.3,Correct
/srv/shared_leopard_toad/2023/Cameras - AI Data/4Z/DSCF0816.JPG,DSCF0816.JPG,4Z,2,Western_Leopard_Toad,0.8454,1518.6,2146.9,2278.7,2456.5,Correct
/srv/shared_leopard_toad/2023/Cameras - AI Data/4Z/4z-101 (812).JPG,4z-101 (812).JPG,4Z,2,Western_Leopard_Toad,0.9128,1595.0,2051.4,2302.1,2451.1,Correct
/srv/shared_leopard_toad/2023/Cameras - AI Data/4Z/4z-101 (831).JPG,4z-101 (831).JPG,4Z,2,Western_Leopard_Toad,0.8984,2724.0,1954.4,3574.1,2455.4,Correct
/srv/shared_leopard_toad/2023/Cameras - AI Data/4Z/DSCF0824.JPG,DSCF0824.JPG,4Z,2,Western_Leopard_Toad,0.8291,1507.9,2149.2,2296.1,2457.7,Correct
/srv/shared_leopard_toad/2023/Cameras - AI Data/4Z/DSCF0813.JPG,DSCF0813.JPG,4Z,2,Western_Leopard_Toad,0.9083,1596.0,2049.7,2301.3,2450.8,Correct
/srv/shared_leopard_toad/2023/Cameras - AI Data/4Z/DSCF0830.JPG,DSCF0830.JPG,4Z,2,Western_Leopard_Toad,0.9108,2727.3,1957.0,3575.8,2454.5,Correct
/srv/shared_leopard_toad/2023/Cameras - AI Data/4Z/4z-101 (825).JPG,4z-101 (825).JPG,4Z,2,Western_Leopard_Toad,0.8133,1516.3,2148.7,2295.0,2457.8,Correct
/srv/shared_leopard_toad/2023/Cameras - AI Data/4Z/DSCF0825.JPG,DSCF0825.JPG,4Z,2,Western_Leopard_Toad,0.8133,1516.3,2148.7,2295.0,2457.8,Correct
/srv/shared_leopard_toad/2023/Cameras - AI Data/4Z/4z-101 (814).JPG,4z-101 (814).JPG,4Z,2,Western_Leopard_Toad,0.9125,1594.7,2047.4,2311.2,2453.9,Correct
/srv/shared_leopard_toad/2023/Cameras - AI Data/4Z/DSCF0828.JPG,DSCF0828.JPG,4Z,2,Western_Leopard_Toad,0.8966,2725.3,1956.4,3588.9,2452.8,Correct
/srv/shared_leopard_toad/2023/Cameras - AI Data/4Z/4z-101 (817).JPG,4z-101 (817).JPG,4Z,2,Western_Leopard_Toad,0.8516,1514.9,2147.2,2278.5,2456.2,Correct
/srv/shared_leopard_toad/2023/Cameras - AI Data/4Z/DSCF0814.JPG,DSCF0814.JPG,4Z,2,Western_Leopard_Toad,0.9125,1594.7,2047.4,2311.2,2453.9,Correct
/srv/shared_leopard_toad/2023/Cameras - AI Data/4Z/DSCF0815.JPG,DSCF0815.JPG,4Z,2,Western_Leopard_Toad,0.8854,1517.4,2148.6,2276.5,2457.3,Correct
/srv/shared_leopard_toad/2023/Cameras - AI Data/4Z/DSCF0831.JPG,DSCF0831.JPG,4Z,2,Western_Leopard_Toad,0.8984,2724.0,1954.4,3574.1,2455.4,Correct
/srv/shared_leopard_toad/2023/Cameras - AI Data/4Z/DSCF0818.JPG,DSCF0818.JPG,4Z,2,Western_Leopard_Toad,0.8515,1511.2,2147.4,2278.9,2457.0,Correct
/srv/shared_leopard_toad/2023/Cameras - AI Data/4Z/DSCF0819.JPG,DSCF0819.JPG,4Z,2,Western_Leopard_Toad,0.8638,1510.3,2145.9,2279.7,2456.8,Correct
/srv/shared_leopard_toad/2023/Cameras - AI Data/4Z/DSCF0829.JPG,DSCF0829.JPG,4Z,2,Western_Leopard_Toad,0.9072,2726.6,1957.3,3576.2,2454.4,Correct
/srv/shared_leopard_toad/2023/Cameras - AI Data/4Z/DSCF0821.JPG,DSCF0821.JPG,4Z,2,Western_Leopard_Toad,0.8626,1514.7,2147.1,2279.7,2456.3,Correct
/srv/shared_leopard_toad/2023/Cameras - AI Data/4Z/4z-101 (819).JPG,4z-101 (819).JPG,4Z,2,Western_Leopard_Toad,0.8638,1510.3,2145.9,2279.7,2456.8,Correct
/srv/shared_leopard_toad/2023/Cameras - AI Data/4Z/4z-101 (829).JPG,4z-101 (829).JPG,4Z,2,Western_Leopard_Toad,0.9072,2726.6,1957.3,3576.2,2454.4,Correct
/srv/shared_leopard_toad/2023/Cameras - AI Data/4Z/4z-101 (823).JPG,4z-101 (823).JPG,4Z,2,Western_Leopard_Toad,0.4586,1510.9,2149.1,2294.4,2456.6,Correct
/srv/shared_leopard_toad/2023/Cameras - AI Data/4Z/4z-101 (813).JPG,4z-101 (813).JPG,4Z,2,Western_Leopard_Toad,0.9083,1596.0,2049.7,2301.3,2450.8,Correct
/srv/shared_leopard_toad/2023/Cameras-Master Data/5Z/104MEDIA/DSCF0256.JPG,DSCF0256.JPG,5Z/104MEDIA,2,Western_Leopard_Toad,0.9082,2245.6,2456.3,2791.6,2855.7,Correct
/srv/shared_leopard_toad/2023/Cameras-Master Data/5Z/100MEDIA/DSCF0089.JPG,DSCF0089.JPG,5Z/100MEDIA,2,Western_Leopard_Toad,0.8537,3027.2,1893.1,3637.4,2454.0,Correct
/srv/shared_leopard_toad/2023/Cameras-Master Data/5Z/100MEDIA/DSCF0089.JPG,DSCF0089.JPG,5Z/100MEDIA,2,Western_Leopard_Toad,0.3308,1942.7,1989.0,2469.6,2574.2,Correct
/srv/shared_leopard_toad/2023/Cameras-Master Data/5Z/100MEDIA/DSCF0118.JPG,DSCF0118.JPG,5Z/100MEDIA,2,Western_Leopard_Toad,0.9135,2488.7,2367.5,2982.3,2854.3,Correct
/srv/shared_leopard_toad/2023/Cameras-Master Data/5Z/100MEDIA/DSCF0117.JPG,DSCF0117.JPG,5Z/100MEDIA,2,Western_Leopard_Toad,0.8716,2587.2,1838.4,3100.7,2441.4,Correct
/srv/shared_leopard_toad/2023/Cameras-Master Data/5Z/100MEDIA/DSCF0096.JPG,DSCF0096.JPG,5Z/100MEDIA,2,Western_Leopard_Toad,0.8126,810.2,2375.5,1704.6,2858.6,Correct
/srv/shared_leopard_toad/2023/Cameras-Master Data/5Z/100MEDIA/DSCF0106.JPG,DSCF0106.JPG,5Z/100MEDIA,2,Western_Leopard_Toad,0.8037,2176.8,2313.6,3173.4,2855.2,Correct
/srv/shared_leopard_toad/2023/Cameras-Master Data/5Z/100MEDIA/DSCF0097.JPG,DSCF0097.JPG,5Z/100MEDIA,2,Western_Leopard_Toad,0.8772,779.2,2378.9,1642.3,2857.9,Correct
/srv/shared_leopard_toad/2023/Cameras-Master Data/5Z/100MEDIA/DSCF0095.JPG,DSCF0095.JPG,5Z/100MEDIA,2,Western_Leopard_Toad,0.7612,2169.1,1611.6,2798.7,2422.9,Correct
/srv/shared_leopard_toad/2023/Cameras-Master Data/5Z/100MEDIA/DSCF0095.JPG,DSCF0095.JPG,5Z/100MEDIA,2,Western_Leopard_Toad,0.7598,2866.9,1577.9,3576.1,2407.7,Correct
/srv/shared_leopard_toad/2023/Cameras-Master Data/5Z/100MEDIA/DSCF0110.JPG,DSCF0110.JPG,5Z/100MEDIA,2,Western_Leopard_Toad,0.9018,1721.1,1808.4,2777.3,2863.8,Correct
/srv/shared_leopard_toad/2023/Cameras-Master Data/5Z/100MEDIA/DSCF0113.JPG,DSCF0113.JPG,5Z/100MEDIA,2,Western_Leopard_Toad,0.9234,1545.2,2212.7,2326.2,2859.2,Correct
/srv/shared_leopard_toad/2023/Cameras-Master Data/5Z/100MEDIA/DSCF0091.JPG,DSCF0091.JPG,5Z/100MEDIA,2,Western_Leopard_Toad,0.7801,2629.2,1170.7,3701.9,2461.8,Correct
/srv/shared_leopard_toad/2023/Cameras-Master Data/5Z/100MEDIA/DSCF0091.JPG,DSCF0091.JPG,5Z/100MEDIA,2,Western_Leopard_Toad,0.4449,2650.3,1166.5,3713.7,2048.6,Correct
/srv/shared_leopard_toad/2023/Cameras-Master Data/5Z/100MEDIA/DSCF0086.JPG,DSCF0086.JPG,5Z/100MEDIA,2,Western_Leopard_Toad,0.848,2366.2,2135.0,2714.4,2669.0,Correct
/srv/shared_leopard_toad/2023/Cameras-Master Data/5Z/100MEDIA/DSCF0086.JPG,DSCF0086.JPG,5Z/100MEDIA,2,Western_Leopard_Toad,0.6406,1747.3,2169.1,2133.6,2712.1,Correct
/srv/shared_leopard_toad/2023/Cameras-Master Data/5Z/100MEDIA/DSCF0114.JPG,DSCF0114.JPG,5Z/100MEDIA,2,Western_Leopard_Toad,0.9303,2302.6,1847.1,2944.0,2616.9,Correct
/srv/shared_leopard_toad/2023/Cameras-Master Data/5Z/100MEDIA/DSCF0088.JPG,DSCF0088.JPG,5Z/100MEDIA,2,Western_Leopard_Toad,0.781,2786.0,2071.4,3267.3,2699.9,Correct
/srv/shared_leopard_toad/2023/Cameras-Master Data/5Z/100MEDIA/DSCF0088.JPG,DSCF0088.JPG,5Z/100MEDIA,2,Western_Leopard_Toad,0.307,2029.4,2067.7,2513.0,2693.1,Correct
/srv/shared_leopard_toad/2023/Cameras-Master Data/5Z/100MEDIA/DSCF0099.JPG,DSCF0099.JPG,5Z/100MEDIA,2,Western_Leopard_Toad,0.8791,1292.2,2275.9,1865.4,2858.1,Correct
/srv/shared_leopard_toad/2023/Cameras-Master Data/5Z/100MEDIA/DSCF0087.JPG,DSCF0087.JPG,5Z/100MEDIA,2,Western_Leopard_Toad,0.8747,2356.7,2121.0,2716.4,2647.7,Correct
/srv/shared_leopard_toad/2023/Cameras-Master Data/5Z/100MEDIA/DSCF0087.JPG,DSCF0087.JPG,5Z/100MEDIA,2,Western_Leopard_Toad,0.836,1760.0,2151.7,2124.0,2690.8,Correct
/srv/shared_leopard_toad/2023/Cameras-Master Data/5Z/100MEDIA/DSCF0108.JPG,DSCF0108.JPG,5Z/100MEDIA,2,Western_Leopard_Toad,0.8888,2049.5,2560.8,2525.6,2858.7,Correct
/srv/shared_leopard_toad/2023/Cameras-Master Data/5Z/100MEDIA/DSCF0112.JPG,DSCF0112.JPG,5Z/100MEDIA,2,Western_Leopard_Toad,0.913,2075.5,1867.2,2919.8,2848.1,Correct
/srv/shared_leopard_toad/2023/Cameras-Master Data/5Z/100MEDIA/DSCF0894.JPG,DSCF0894.JPG,5Z/100MEDIA,2,Western_Leopard_Toad,0.9232,3307.1,2074.1,4034.6,2604.0,Correct
/srv/shared_leopard_toad/2023/Cameras-Master Data/5Z/100MEDIA/DSCF0104.JPG,DSCF0104.JPG,5Z/100MEDIA,2,Western_Leopard_Toad,0.8882,2624.1,1880.5,3295.3,2842.6,Correct
/srv/shared_leopard_toad/2023/Cameras-Master Data/5Z/100MEDIA/DSCF0093.JPG,DSCF0093.JPG,5Z/100MEDIA,2,Western_Leopard_Toad,0.352,2178.0,1715.7,2937.2,2726.1,Correct
/srv/shared_leopard_toad/2023/Cameras-Master Data/5Z/100MEDIA/DSCF0102.JPG,DSCF0102.JPG,5Z/100MEDIA,2,Western_Leopard_Toad,0.51,2389.6,1487.0,3369.2,2549.4,Correct
/srv/shared_leopard_toad/2023/Cameras-Master Data/5Z/100MEDIA/DSCF0115.JPG,DSCF0115.JPG,5Z/100MEDIA,2,Western_Leopard_Toad,0.9069,2115.6,1927.8,2772.9,2700.1,Correct
/srv/shared_leopard_toad/2023/Cameras-Master Data/5Z/100MEDIA/DSCF0103.JPG,DSCF0103.JPG,5Z/100MEDIA,2,Western_Leopard_Toad,0.8287,2510.8,1522.2,3224.2,2506.1,Correct
/srv/shared_leopard_toad/2023/Cameras-Master Data/5Z/100MEDIA/DSCF0092.JPG,DSCF0092.JPG,5Z/100MEDIA,2,Western_Leopard_Toad,0.8668,2410.3,1544.2,3445.6,2381.6,Correct
/srv/shared_leopard_toad/2023/Cameras-Master Data/5Z/100MEDIA/DSCF0242.JPG,DSCF0242.JPG,5Z/100MEDIA,2,Western_Leopard_Toad,0.9258,2387.1,2009.6,3073.4,2823.0,Correct
/srv/shared_leopard_toad/2023/Cameras-Master Data/5Z/100MEDIA/DSCF0094.JPG,DSCF0094.JPG,5Z/100MEDIA,2,Western_Leopard_Toad,0.8003,1857.2,1742.4,2462.6,2539.5,Correct
/srv/shared_leopard_toad/2023/Cameras-Master Data/5Z/100MEDIA/DSCF0094.JPG,DSCF0094.JPG,5Z/100MEDIA,2,Western_Leopard_Toad,0.7907,2556.5,1707.8,3265.1,2507.6,Correct
/srv/shared_leopard_toad/2023/Cameras-Master Data/5Z/100MEDIA/DSCF0241.JPG,DSCF0241.JPG,5Z/100MEDIA,2,Western_Leopard_Toad,0.9264,2390.2,2009.4,3075.2,2825.0,Correct
/srv/shared_leopard_toad/2023/Cameras-Master Data/5Z/100MEDIA/DSCF0101.JPG,DSCF0101.JPG,5Z/100MEDIA,2,Western_Leopard_Toad,0.6944,2047.3,999.1,3510.1,1987.7,Correct
/srv/shared_leopard_toad/2023/Cameras-Master Data/5Z/100MEDIA/DSCF0105.JPG,DSCF0105.JPG,5Z/100MEDIA,2,Western_Leopard_Toad,0.7389,2588.4,2243.0,3474.8,2853.0,Correct
/srv/shared_leopard_toad/2023/Cameras-Master Data/5Z/100MEDIA/DSCF0116.JPG,DSCF0116.JPG,5Z/100MEDIA,2,Western_Leopard_Toad,0.9186,2207.5,2044.9,2844.2,2801.2,Correct
/srv/shared_leopard_toad/2023/Cameras-Master Data/5Z/100MEDIA/DSCF0109.JPG,DSCF0109.JPG,5Z/100MEDIA,2,Western_Leopard_Toad,0.839,2296.9,1487.2,3403.3,2768.4,Correct
/srv/shared_leopard_toad/2023/Cameras-Master Data/5Z/100MEDIA/DSCF0090.JPG,DSCF0090.JPG,5Z/100MEDIA,2,Western_Leopard_Toad,0.7014,2370.8,999.3,3580.6,2128.4,Correct
/srv/shared_leopard_toad/2023/Cameras-Master Data/5Z/100MEDIA/DSCF0200.JPG,DSCF0200.JPG,5Z/100MEDIA,2,Western_Leopard_Toad,0.8434,4312.7,956.4,4919.6,1684.0,Correct
/srv/shared_leopard_toad/2023/Cameras-Master Data/5Z/100MEDIA/DSCF0513.JPG,DSCF0513.JPG,5Z/100MEDIA,2,Western_Leopard_Toad,0.867,3671.4,2081.4,4255.6,2653.2,Correct
/srv/shared_leopard_toad/2023/Cameras-Master Data/5Z/Seen-5Z/DSCF0894.JPG,DSCF0894.JPG,5Z/Seen-5Z,2,Western_Leopard_Toad,0.9232,3307.1,2074.1,4034.6,2604.0,Correct
/srv/shared_leopard_toad/2023/Cameras-Master Data/5Z/Seen-5Z/DSCF0242.JPG,DSCF0242.JPG,5Z/Seen-5Z,2,Western_Leopard_Toad,0.9258,2387.1,2009.6,3073.4,2823.0,Correct
/srv/shared_leopard_toad/2023/Cameras-Master Data/5Z/Seen-5Z/DSCF0241.JPG,DSCF0241.JPG,5Z/Seen-5Z,2,Western_Leopard_Toad,0.9264,2390.2,2009.4,3075.2,2825.0,Correct
/srv/shared_leopard_toad/2023/Cameras-Master Data/5Z/Seen-5Z/DSCF0513.JPG,DSCF0513.JPG,5Z/Seen-5Z,2,Western_Leopard_Toad,0.867,3671.4,2081.4,4255.6,2653.2,Correct
/srv/shared_leopard_toad/2023/Cameras-Master Data/6R/103MEDIA/DSCF0326.JPG,DSCF0326.JPG,6R/103MEDIA,2,Western_Leopard_Toad,0.4666,1746.2,1413.3,2034.3,1750.4,Correct
/srv/shared_leopard_toad/2023/Cameras-Master Data/4Z/Seen-4Z/DSCF0589.JPG,DSCF0589.JPG,4Z/Seen-4Z,2,Western_Leopard_Toad,0.8832,3684.3,1788.1,4608.0,2456.9,Correct
/srv/shared_leopard_toad/2023/Cameras-Master Data/4Z/Seen-4Z/DSCF0812.JPG,DSCF0812.JPG,4Z/Seen-4Z,2,Western_Leopard_Toad,0.9128,1595.0,2051.4,2302.1,2451.1,Correct
/srv/shared_leopard_toad/2023/Cameras-Master Data/4Z/Seen-4Z/DSCF0822.JPG,DSCF0822.JPG,4Z/Seen-4Z,2,Western_Leopard_Toad,0.8571,1513.4,2155.5,2283.5,2452.6,Correct
/srv/shared_leopard_toad/2023/Cameras-Master Data/4Z/Seen-4Z/DSCF0817.JPG,DSCF0817.JPG,4Z/Seen-4Z,2,Western_Leopard_Toad,0.8516,1514.9,2147.2,2278.5,2456.2,Correct
/srv/shared_leopard_toad/2023/Cameras-Master Data/4Z/Seen-4Z/DSCF0823.JPG,DSCF0823.JPG,4Z/Seen-4Z,2,Western_Leopard_Toad,0.4586,1510.9,2149.1,2294.4,2456.6,Correct
/srv/shared_leopard_toad/2023/Cameras-Master Data/4Z/Seen-4Z/DSCF0820.JPG,DSCF0820.JPG,4Z/Seen-4Z,2,Western_Leopard_Toad,0.8606,1512.8,2148.2,2280.0,2456.6,Correct
/srv/shared_leopard_toad/2023/Cameras-Master Data/4Z/Seen-4Z/DSCF0816.JPG,DSCF0816.JPG,4Z/Seen-4Z,2,Western_Leopard_Toad,0.8454,1518.6,2146.9,2278.7,2456.5,Correct
/srv/shared_leopard_toad/2023/Cameras-Master Data/4Z/Seen-4Z/DSCF0824.JPG,DSCF0824.JPG,4Z/Seen-4Z,2,Western_Leopard_Toad,0.8291,1507.9,2149.2,2296.1,2457.7,Correct
/srv/shared_leopard_toad/2023/Cameras-Master Data/4Z/Seen-4Z/DSCF0813.JPG,DSCF0813.JPG,4Z/Seen-4Z,2,Western_Leopard_Toad,0.9083,1596.0,2049.7,2301.3,2450.8,Correct
/srv/shared_leopard_toad/2023/Cameras-Master Data/4Z/Seen-4Z/DSCF0830.JPG,DSCF0830.JPG,4Z/Seen-4Z,2,Western_Leopard_Toad,0.9108,2727.3,1957.0,3575.8,2454.5,Correct
/srv/shared_leopard_toad/2023/Cameras-Master Data/4Z/Seen-4Z/DSCF0825.JPG,DSCF0825.JPG,4Z/Seen-4Z,2,Western_Leopard_Toad,0.8133,1516.3,2148.7,2295.0,2457.8,Correct
/srv/shared_leopard_toad/2023/Cameras-Master Data/4Z/Seen-4Z/DSCF0828.JPG,DSCF0828.JPG,4Z/Seen-4Z,2,Western_Leopard_Toad,0.8966,2725.3,1956.4,3588.9,2452.8,Correct
/srv/shared_leopard_toad/2023/Cameras-Master Data/4Z/Seen-4Z/DSCF0814.JPG,DSCF0814.JPG,4Z/Seen-4Z,2,Western_Leopard_Toad,0.9125,1594.7,2047.4,2311.2,2453.9,Correct
/srv/shared_leopard_toad/2023/Cameras-Master Data/4Z/Seen-4Z/DSCF0815.JPG,DSCF0815.JPG,4Z/Seen-4Z,2,Western_Leopard_Toad,0.8854,1517.4,2148.6,2276.5,2457.3,Correct
/srv/shared_leopard_toad/2023/Cameras-Master Data/4Z/Seen-4Z/DSCF0831.JPG,DSCF0831.JPG,4Z/Seen-4Z,2,Western_Leopard_Toad,0.8984,2724.0,1954.4,3574.1,2455.4,Correct
/srv/shared_leopard_toad/2023/Cameras-Master Data/4Z/Seen-4Z/DSCF0818.JPG,DSCF0818.JPG,4Z/Seen-4Z,2,Western_Leopard_Toad,0.8515,1511.2,2147.4,2278.9,2457.0,Correct
/srv/shared_leopard_toad/2023/Cameras-Master Data/4Z/Seen-4Z/DSCF0819.JPG,DSCF0819.JPG,4Z/Seen-4Z,2,Western_Leopard_Toad,0.8638,1510.3,2145.9,2279.7,2456.8,Correct
/srv/shared_leopard_toad/2023/Cameras-Master Data/4Z/Seen-4Z/DSCF0829.JPG,DSCF0829.JPG,4Z/Seen-4Z,2,Western_Leopard_Toad,0.9072,2726.6,1957.3,3576.2,2454.4,Correct
/srv/shared_leopard_toad/2023/Cameras-Master Data/4Z/Seen-4Z/DSCF0821.JPG,DSCF0821.JPG,4Z/Seen-4Z,2,Western_Leopard_Toad,0.8626,1514.7,2147.1,2279.7,2456.3,Correct
/srv/shared_leopard_toad/2023/Cameras-Master Data/4Z/101MEDIA/DSCF0812.JPG,DSCF0812.JPG,4Z/101MEDIA,2,Western_Leopard_Toad,0.9128,1595.0,2051.4,2302.1,2451.1,Correct
/srv/shared_leopard_toad/2023/Cameras-Master Data/4Z/101MEDIA/DSCF0822.JPG,DSCF0822.JPG,4Z/101MEDIA,2,Western_Leopard_Toad,0.8571,1513.4,2155.5,2283.5,2452.6,Correct
/srv/shared_leopard_toad/2023/Cameras-Master Data/4Z/101MEDIA/DSCF0817.JPG,DSCF0817.JPG,4Z/101MEDIA,2,Western_Leopard_Toad,0.8516,1514.9,2147.2,2278.5,2456.2,Correct
/srv/shared_leopard_toad/2023/Cameras-Master Data/4Z/101MEDIA/DSCF0823.JPG,DSCF0823.JPG,4Z/101MEDIA,2,Western_Leopard_Toad,0.4586,1510.9,2149.1,2294.4,2456.6,Correct
/srv/shared_leopard_toad/2023/Cameras-Master Data/4Z/101MEDIA/DSCF0820.JPG,DSCF0820.JPG,4Z/101MEDIA,2,Western_Leopard_Toad,0.8606,1512.8,2148.2,2280.0,2456.6,Correct
/srv/shared_leopard_toad/2023/Cameras-Master Data/4Z/101MEDIA/DSCF0816.JPG,DSCF0816.JPG,4Z/101MEDIA,2,Western_Leopard_Toad,0.8454,1518.6,2146.9,2278.7,2456.5,Correct
/srv/shared_leopard_toad/2023/Cameras-Master Data/4Z/101MEDIA/DSCF0824.JPG,DSCF0824.JPG,4Z/101MEDIA,2,Western_Leopard_Toad,0.8291,1507.9,2149.2,2296.1,2457.7,Correct
/srv/shared_leopard_toad/2023/Cameras-Master Data/4Z/101MEDIA/DSCF0813.JPG,DSCF0813.JPG,4Z/101MEDIA,2,Western_Leopard_Toad,0.9083,1596.0,2049.7,2301.3,2450.8,Correct
/srv/shared_leopard_toad/2023/Cameras-Master Data/4Z/101MEDIA/DSCF0830.JPG,DSCF0830.JPG,4Z/101MEDIA,2,Western_Leopard_Toad,0.9108,2727.3,1957.0,3575.8,2454.5,Correct
/srv/shared_leopard_toad/2023/Cameras-Master Data/4Z/101MEDIA/DSCF0825.JPG,DSCF0825.JPG,4Z/101MEDIA,2,Western_Leopard_Toad,0.8133,1516.3,2148.7,2295.0,2457.8,Correct
/srv/shared_leopard_toad/2023/Cameras-Master Data/4Z/101MEDIA/DSCF0828.JPG,DSCF0828.JPG,4Z/101MEDIA,2,Western_Leopard_Toad,0.8966,2725.3,1956.4,3588.9,2452.8,Correct
/srv/shared_leopard_toad/2023/Cameras-Master Data/4Z/101MEDIA/DSCF0814.JPG,DSCF0814.JPG,4Z/101MEDIA,2,Western_Leopard_Toad,0.9125,1594.7,2047.4,2311.2,2453.9,Correct
/srv/shared_leopard_toad/2023/Cameras-Master Data/4Z/101MEDIA/DSCF0815.JPG,DSCF0815.JPG,4Z/101MEDIA,2,Western_Leopard_Toad,0.8854,1517.4,2148.6,2276.5,2457.3,Correct
/srv/shared_leopard_toad/2023/Cameras-Master Data/4Z/101MEDIA/DSCF0831.JPG,DSCF0831.JPG,4Z/101MEDIA,2,Western_Leopard_Toad,0.8984,2724.0,1954.4,3574.1,2455.4,Correct
/srv/shared_leopard_toad/2023/Cameras-Master Data/4Z/101MEDIA/DSCF0818.JPG,DSCF0818.JPG,4Z/101MEDIA,2,Western_Leopard_Toad,0.8515,1511.2,2147.4,2278.9,2457.0,Correct
/srv/shared_leopard_toad/2023/Cameras-Master Data/4Z/101MEDIA/DSCF0819.JPG,DSCF0819.JPG,4Z/101MEDIA,2,Western_Leopard_Toad,0.8638,1510.3,2145.9,2279.7,2456.8,Correct
/srv/shared_leopard_toad/2023/Cameras-Master Data/4Z/101MEDIA/DSCF0829.JPG,DSCF0829.JPG,4Z/101MEDIA,2,Western_Leopard_Toad,0.9072,2726.6,1957.3,3576.2,2454.4,Correct
/srv/shared_leopard_toad/2023/Cameras-Master Data/4Z/101MEDIA/DSCF0821.JPG,DSCF0821.JPG,4Z/101MEDIA,2,Western_Leopard_Toad,0.8626,1514.7,2147.1,2279.7,2456.3,Correct
/srv/shared_leopard_toad/2023/Cameras-Master Data/4Z/100MEDIA/DSCF0589.JPG,DSCF0589.JPG,4Z/100MEDIA,2,Western_Leopard_Toad,0.8832,3684.3,1788.1,4608.0,2456.9,Correct
